product_name,price,ratings,last_month_purchases,incomplete_data
N/A,119.0,4.3,10000,False
N/A,299.0,4.4,0,False
N/A,44.99,4.4,10000,False
N/A,134.99,4.3,10000,False
N/A,26.99,4.4,10000,False
N/A,74.99,4.5,10000,False
N/A,24.0,4.6,10000,False
N/A,44.99,4.6,10000,False
N/A,149.0,4.5,10000,False
N/A,22.49,4.3,10000,False
N/A,19.99,4.6,10000,False
N/A,59.99,4.5,10000,False
N/A,139.95,4.7,10000,False
N/A,24.99,4.7,10000,False
N/A,39.99,4.3,30000,False
N/A,299.0,4.8,0,False
"Madden NFL 15: 12,000 Points - Xbox One Digital Code",99.99,1.0,0,False
Battlfield V Definitive - Steam PC [Online Game Code],49.99,4.1,0,False
"My Arcade Tetris Gamer V: Puzzle Games, Officially Licensed Portable Handheld Game with 201 Games, 2.5"" Full Color Screen, Pocket Size",24.99,4.4,1000,False
CRC 05103 QD Electronic Cleaner -11 Wt Oz,10.87,4.7,4000,False
ASURION 2 Year Electronics Protection Plan ($30 - $39.99),3.99,4.3,0,False
ASURION 2 Year Portable Electronic Accident Protection Plan ($50 - $59.99),5.99,4.4,0,False
ASURION 2 Year Portable Electronic Accident Protection Plan ($175 - $199.99),21.99,4.5,0,False
Practical Electronics: A Complete Introduction: Teach Yourself,3.99,4.4,0,False
ASURION 2 Year Portable Electronic Accident Protection Plan ($70 - $79.99),7.99,4.5,0,False
ASURION 2 Year Portable Electronic Accident Protection Plan ($40 - $49.99),4.99,4.4,0,False
"cozoo RGB Headphone Stand with Charger 3 USB Ports and 2 AC Outlets,2 USB-A 1 Type C,Desk Gaming Headset Holder with 9 Light Modes,PC Gaming Desk Accessories,Gamer Gifts,RGB Gaming Stuff Headset Stand",29.99,4.5,500000000,False
Electronics Engineering,0.99,4.1,0,False
ASURION 2 Year Electronics Protection Plan ($50 - $59.99),5.99,4.3,0,False
Amazon.com eGift Card (Instant Email or Text Delivery),5.0,4.8,0,False
"Encyclopedia of Electronic Components Volume 1: Resistors, Capacitors, Inductors, Switches, Encoders, Relays, Transistors",14.59,4.7,0,False
Franklin Sports Spin N Putt Golf Game,47.68,4.3,400000000,False
"Gifts for Couples Girlfriend Boyfriend Wife Husband Funny White Elephant Gifts Valentines Day Universal Travel Adapter with 2 USB-C，2 USB-A,Stocking Stuffers for Mom Men Teen Adults",23.99,4.4,0,False
ASURION 2 Year Electronics Protection Plan ($125 - $149.99),16.99,4.3,0,False
ASURION 3 Year Portable Electronic Accident Protection Plan ($40 - $49.99),6.99,4.5,0,False
Understanding Modern Electronics,2.99,No Rating,0,False
ASURION 3 Year Electronics Protection Plan ($30 - $39.99),5.99,4.5,0,False
ASURION 2 Year Electronics Protection Plan ($100 - $124.99),15.99,4.3,0,False
EA Sports PGA Tour : Deluxe - Steam PC [Online Game Code],84.99,3.4,0,False
Electronic 2013,27.25,4.6,0,False
Incase Nylon Accessory + Electronics Organizer Bag - Small Travel Pouch for Cords + Camera Accessories - Compact Tech Bag with Faux-Fur Padded Compartment,49.99,4.5,500000000,False
Get The Message - The Best Of Electronic,9.1,4.6,50000000,False
ASURION 2 Year Electronics Protection Plan ($70 - $79.99),7.99,4.4,0,False
"Lanola Electronic Organizer,Travel Cable Organizer Bag Pouch Electronic Accessories Carry Case Portable Double Layers Storage Bag for Cable,Cord,Charger,Phone,Earphone,Power Bank,Memory Cards - Black",18.99,4.6,100000000,False
Make: Analog Synthesizers: Make Electronic Sounds the Synth-DIY Way,17.66,4.6,0,False
"Music Theory for Electronic Music Producers: The producer's guide to harmony, chord progressions, and song structure in the MIDI grid.",23.99,4.6,0,False
"My Arcade Go Gamer Classic-RED: Portable Electronic Game Console with 300 Games, Full Color 2.5"" Screen-Fun for The Whole Family (DGUN-3909)",27.55,3.9,50000000,False
Electronics Repair Master,0.0,2.6,0,False
iJoy Electronic Wipes,6.84,4.5,50000000,False
"Wedama Toiletry Bag for Men, PU Leather Travel Toiletry Bag with Electronic Organizer Bag Hanging Travel Shaving Bag for Toiletries, Waterproof Dopp Kit for Travel Business Trips Swim Camping, Black",24.99,4.4,50000000,False
Live Wires: A History of Electronic Music,14.0,4.4,0,False
Electronics,0.0,3.2,0,False
"Wedama Toiletry Bag for Men, Large Hanging Travel Toiletry Bag, Extra Electronic Organizer Bag Waterproof Travel Bag for Toiletries, PU Handle Travel Bag for Travel Trips Swim Camping, Black",26.99,4.6,200000000,False
Super Mario Party Jamboree for Nintendo Switch,52.98,4.8,30000,False
The Last Goodbye Tour Live ('GHOSTLY' CLEAR VINYL),39.99,4.9,50000000,False
"Genuine Leather Electronic Cable Organizer Bag Handmade Travel Cord Organizer Roll Case for Hard Drives, Cables, Charger, Phone, USB, SD Card (Large - Brown)",39.99,4.4,50000000,False
Battlefield 1 Revolution - Steam PC [Online Game Code],39.99,4.1,0,False
Battlefield 2042 - Steam PC [Online Game Code],59.99,3.8,0,False
The Electronic Doppelgänger: The Mystery of the Double in the Age of the Internet,19.5,4.6,0,False
Electronic Drum Pad - Real Drum Pad,0.0,2.9,0,False
Electronic Music Anthology: Trip Hop Sessions / Various,28.73,No Rating,0,False
African Electronic Music 1975-1982,31.98,4.6,0,False
N/A,109.99,4.4,10000,False
N/A,19.99,4.6,10000,False
N/A,29.0,4.7,10000,False
N/A,99.99,4.4,10000,False
N/A,89.99,4.5,10000,False
N/A,349.0,4.8,0,False
N/A,319.99,4.4,30000,False
N/A,69.99,4.4,7000,False
N/A,89.99,4.5,10000,False
N/A,30.99,4.5,10000,False
N/A,139.99,4.4,10000,False
N/A,99.99,4.5,10000,False
N/A,44.99,4.4,10000,False
N/A,13.99,4.4,50000,False
N/A,439.99,4.4,4000,False
N/A,12.98,4.3,10000,False
"e.l.f. Glow Reviver Lip Oil, Nourishing Tinted Lip Oil For A High-shine Finish, Infused With Jojoba Oil, Vegan & Cruelty-free, Rose Envy",8.0,4.6,40000,False
"Beauty of Joseon Ground Rice and Honey Glow Mask Pore Sebum Care for Dry Sensitive Skin Korean Skin Care 150ml, 5.07 fl.oz",16.0,4.6,20000,False
"Paris Hilton Mini Refrigerator and Personal Beauty Fridge, Mirrored Door with Dimmable LED Light, Thermoelectric Cooling and Warming Function for All Cosmetics and Skincare Needs, 4-Liter, Pink",39.99,4.0,20000,False
"Beauty of Joseon Revive Eye Serum with Retinal Niacinamide Correction for Puffy Eye Bags Fine Lines Dark Circles Wrinkles, Korean Skin Care 30ml, 1 fl.oz",14.5,4.3,50000,False
"eos 24H Moisture Travel Body Lotion- Vanilla Cashmere, Travel Size Essential, Toiletries, Mini Body Lotion, 2.5 fl oz",3.99,4.7,40000,False
"Under Eye Patches - 30 Pairs - 24K Gold Eye Mask- Puffy Eyes & Dark Circles Treatments,Reduce Under Eye Bags and Smooth Wrinkles,Eye Skin Care Pads With Collagen",9.99,4.1,80000,False
"Kitsch Satin Hair Scrunchies for Women, Softer Than Silk Scrunchies for Hair, Satin Scrunchies for Girls, Satin Hair Ties for Women, Silk Hair Ties No Damage, Silk Ponytail Holders, 5 pcs (Cameo)",7.99,4.6,10000,False
"Burt's Bees Christmas Gifts, 5 Stocking Stuffers Products, Everyday Essentials Set - Original Beeswax Lip Balm, Deep Cleansing Cream, Hand Salve, Body Lotion & Coconut Foot Cream, Travel Size",15.99,4.7,100000,False
Medicube Age-R Booster H - Korean No.1 Skin Care Device - Facial Glow Booster for Maximizing and Boosting Skin Care Absorption - Needle Free,130.99,4.2,10000,False
"COSRX Snail Mucin 96% Power Face Serum 3.38 fl oz 100ml, Hydrating Serum for Face, Self Care, Glow Skin under Makeup, Korean Skin Care, Korean Beauty",20.0,4.6,100000,False
"grace & stella Under Eye Mask - Christmas Gifts for Women, Christmas Gifts for Mom - Reduce Dark Circles, Puffy Eyes, Undereye Bags, Wrinkles - Gel Under Eye Patches - Vegan (24 Pairs, Gold)",21.95,4.3,80000,False
SOL DE JANEIRO Jet Set,32.0,4.6,100000,False
"Makeup Sponge Set BS-MALL Blender Sponges 7 Pcs for Liquid, Cream, and Powder, Multi-colored with 1 Mini Makeup Sponge Pink (A-Pink）",8.95,4.6,30000,False
BS-MALL Makeup Brush Set 18 Pcs Premium Synthetic Foundation Powder Concealers Eye shadows Blush Makeup Brushes with black case,14.99,4.6,70000,False
"Pimple Patches for Face, Hydrocolloid Acne Patches, Cute Star Zit Covers, Colorful Spot Stickers with Tea Tree, Salicylic Acid & Cica Oil| 3 Sizes (10mm, 12mm & 14mm) |200 Count",9.99,4.4,50000,False
"Rotating Makeup Organizer, DIY 8 Adjustable Layers Spinning Skincare Organizer, Cosmetic Display Case with Brush Holder Perfume Tray, Multi-Function Storage Carousel for Vanity Bathroom Countertop",17.99,4.4,40000,False
"Beauty of Joseon Glow Serum Propolis and Niacinamide Hydrating Facial Soothing Moisturizer for Irritated Uneven Skin Tone, Korean Skin Care 30ml, 1 fl.oz",14.45,4.5,30000,False
SHEGLAM Color Bloom Liquid Blush Makeup for Cheeks Matte Finish - Love Cake,5.94,4.5,10000,False
"e.l.f. Power Grip Primer, Gel-Based & Hydrating Face Primer For Smoothing Skin & Gripping Makeup, Moisturizes & Primes, 0.811 Fl Oz (24 ml.)",10.0,4.6,60000,False
"e.l.f. SKIN Holy Hydration! Hydrated Ever After Skincare Mini Kit, Cleanser, Makeup Remover, Moisturiser & Eye Cream For Hydrating Skin, Airplane-Friendly Sizes",20.0,4.5,80000,False
"Tree Hut Cotton Candy Shea Sugar Scrub, 510 Grams",7.97,4.7,10000,False
"Shower Steamers Aromatherapy - Relaxation Gifts for Women, Shower Bombs, Unique Spa Gifts Shower Tablets, Stocking Stuffers for Women & Men (Variety Pack Scent 8PC)",16.99,4.2,3000,False
"OLLY Undeniable Beauty Gummy, For Hair, Skin, Nails, Biotin, Vitamin C, Keratin, Chewable Supplement, Grapefruit, 30 Day Supply - 60 Count",12.88,4.5,20000,False
Beauty And The Beast [DVD],9.38,4.8,300000000,False
"LANEIGE Lip Glowy Balm Stocking Stuffer: Hydrate, Glossy, Lightweight, Moisturize & Tint with Shea Butter",19.0,4.7,30000,False
"e.l.f. Monochromatic Multi Stick, Luxuriously Creamy & Blendable Color, For Eyes, Lips & Cheeks, Dazzling Peony, 0.17 Oz",5.0,4.3,70000,False
"BAIMEI IcyMe Gua Sha & Jade Roller Facial Tools Face Roller and Gua Sha Set for Puffiness and Redness Reducing Skin Care Routine, Self Care Gift for Men Women - Green",7.49,4.5,40000,False
"AOA Studio Collection makeup Sponge Set Latex Free and High-definition Set of 6 makeup Wonder blender For Powder Cream and Liquid, Super Soft Wonder Beauty Cosmetic",9.95,4.7,50000,False
"essence Lash Princess Mascara Set | 4 Vegan & Cruelty-Free Mascaras | False Lash Effect, Waterproof, Primer, Curl & Volume | Stocking Stuffer for Beauty Lovers",14.99,4.6,30000,False
"Kitsch Spray Bottle for Hair - Continuous Water Mister with Ultra Fine Mist for Hairstyling, Barbers, Salons, Cleaning, Plants, Versatile Spray Bottles - Made from Recycled Plastic - Terracotta, 5 oz",7.19,4.1,30000,False
Beauty and the Billionaire: Bali,3.99,2.8,0,False
"LANEIGE Lip Sleeping Mask Stocking Stuffer: Nourish, Hydrate, Vitamin C, Murumuru & Shea Butter, Antioxidants, Flaky, Dry Lips",21.0,4.6,10000,False
The Science of Beauty: Debunk the Myths and Discover What Goes into Your Beauty Routine (Dk),19.54,4.8,0,False
"Marc Jacobs 4 Pieces for Women Mini Gift Set, 0.55 Ounce",54.95,4.5,10000,False
"Kitsch Dermaplaning Tool - Face Razors for Women and Men, Eyebrow Trimmer & Face Shaver for Women, Facial Hair Removal for Women and Men, Dermaplane Razor for Women Face, 12 pc (Terracotta)",8.99,4.3,30000,False
"Nature Republic HONEY MELTING LIP (02 FIG) SOFT LIP STICK, korean lip, Lip Gloss, Glow lip, glossy, lip balm, lip crayon, jelly gloss, lip pen, tint gloss, sheer lip, korean make up",8.5,4.3,8000,False
Eyelash Comb Separator MSQ Eyelash Mascara Brush and Comb Lash Separator With Comb Cover Arc Designed Cosmetic Brushes Tool Pink (1PCS),4.99,4.3,6000,False
"L'Oreal Paris Makeup True Match Lumi Glotion, Natural Glow Enhancer, Illuminator Highlighter, Bronzing Drops For a Sun-Kissed Glow, 903 Medium",13.98,4.5,50000,False
Mini Brands Ulta Beauty Series 1,19.99,4.2,9000,False
"HEETA Shampoo Scalp Brush Massager Hair Growth, Scalp Scrubber with Soft Silicone Bristles for Hair Growth & Dandruff Removal, Hair Brush for Scalp Exfoliator, Cherry Pink",8.99,4.6,6000,False
"Victoria's Secret Bare Vanilla Body Mist, Body Spray for Women (8.4 oz)",18.8,4.6,70000,False
"GLO24K Red Light Beauty Device for Face and Neck. Based on Triple Action L E D, Thermal, and Vibration Technologies.",89.65,4.4,10000,False
"Hair Straightener Brush, TYMO Ring Hair Straightener Comb Straightening Brush for Women with 5 Temps 20s Fast Heating & Dual Voltage, Black",37.49,4.3,50000,False
"Ulta Beauty Gift Card, Multipack of 3",45.0,4.5,0,False
"BEAKEY Makeup Brushes Set, Professional Foundation Eyeshadow Concealer Blush Powder Bronzer Applicator, 2 Blender Sponge wit Beauty Paper Case, Gifts for Women Christmas Stocking Stuffers for Adults",14.95,4.4,60000,False
essence | Lash Princess False Lash Effect Mascara | Volumizing & Lengthening | Cruelty Free & Paraben Free,4.99,4.3,100000,False
"NYX PROFESSIONAL MAKEUP Fat Oil Lip Drip, Moisturizing, Shiny and Vegan Tinted Lip Gloss - Missed Call (Sheer Pink)",8.97,4.5,30000,False
"COSRX All About Snail Mucin Korean Skin Care Set, Mini Travel Essentials, Travel Size Gift Set with Snail Mucin Face Wash, Serum, Moisturizer & Eye Cream, Rejuvenating Kit",20.99,4.5,30000,False
"Real Techniques Miracle Complexion Sponge, Beauty Sponge For Makeup Blending & Foundation Application, Full Coverage, Streak-Free Professional Makeup Tool, Cruelty Free, Vegan, Latex Free, 2 Count",7.69,4.7,7000,False
"Sacheu Lip Liner Stay-N - Peel Off Lip Liner Tattoo, Peel Off Lip Stain, Long Lasting Lip Stain Peel Off, Infused with Hyaluronic Acid & Vitamin E, For All Skin Types, p-INKED",12.0,3.7,40000,False
"Maybelline Lash Sensational Sky High Washable Mascara Makeup, Volumizing, Lengthening, Defining, Curling, Multiplying, Buildable Formula, Blackest Black, 1 Count",8.32,4.5,80000,False
Rare Beauty Limited Edition Mini Blush & Luminize Trio - Beloved - Virtue - Enliven - New In Box,39.0,4.0,1000,False
"Good Molecules Yerba Mate Wake Up Eye Gel - Yerba Mate, Hyaluronic Acid and Caffeine to Hydrate, Minimize Puffiness and Swelling - Skincare for Face",5.98,4.2,50000,False
"Makeup Mirror Vanity Mirror with Lights, 2X 3X 10X Magnification, Lighted Makeup Mirror, Touch Control, Trifold Makeup Mirror, Dual Power Supply, Portable LED Makeup Mirror, Women Gift (White)",33.99,4.4,70000,False
DERMAL 16 Combo Pack A Collagen Essence Korean Face Mask - Hydrating & Soothing Facial Mask with Panthenol - Hypoallergenic Self Care Sheet Mask for All Skin Types - Natural Home Spa Treatment Masks,11.99,4.5,20000,False
Underworld Beauty,31.85,4.1,50000000,False
"Medicube Age-R Booster Pro | 6-in-1 Real Glass Glow Device | Looking Glass Skin with Enhanced Absorption, Radiance, Elasticity,Pore Care | LED Anti-Wrinkle Device | Korean Skin Care",228.0,4.0,30000,False
"ZealSea Face Masks Skincare, Facial Masks for Women Skin Care, Sheet Masks Beauty with Natural Ingredients, Birthday Party Spa Gift for Kids Teens Girls, Hydrate and Soothe for All Skin Types 7 Pack",14.99,4.6,80000,False
"COSRX Snail Mucin Sheet Mask 10 EA with Snail Mucin Serum, Self Care, Face Masks for Dry, Sensitive Skin, Not Tested on Animals, No Parabens, No Sulfates, Korean Skin Care",20.99,4.6,40000,False
"Facial Massager for Face and Neck, Red-Light-Therapy-for-Face and Neck, Face culpting Wand with 7 Color, at-Home Face Tool for Skin Care (Pink)",54.99,4.4,10000,False
"OUAI Jingle All The OUAI Travel Size Gift Set - Travel Size Hair & Body Care Set - Includes Detox Shampoo, Deluxe Anti Frizz Cream, Leave In Conditioner, Scalp & Body Scrub (4 Count)",42.0,4.2,4000,False
"Eakroo 6 Colors Lip Tint Stain Mini Liquid Lipstick, Korean Lip Gloss Moisturizing Natural, Multi-Use Lip and Cheek Tint, Non-Stick Cup, Lightweight, High Pigment, Long-Lasting, Vivid Color",11.99,4.0,10000,False
"Tanning Lotion Self Tanner - With Natural and Organic Ingredients Non Toxic Sunless Browning Lotion - Best Gradual Tan Lotion for Men and Women, Fair to Medium",35.99,4.3,3000,False
Ulta Beauty Gift Card,25.0,4.6,0,False
A Very Merry Beauty Salon,2.99,4.6,0,False
"COVERGIRL Clean Fresh Yummy Gloss – Lip Gloss, Sheer, Natural Scents, Vegan Formula - Let’s Get Fizzical",8.77,4.6,4000,False
"Bath and Body Gift Basket For Women and Men – 9 Piece Set of Vanilla Coconut Home Spa Set, Includes Fragrant Lotions, Extra Large Bath Bombs, Coconut Oil, Luxurious Bath Towel & More",35.99,4.5,30000,False
Saie Mini Glowy Super Gel Lightweight Illuminator - Luminizer + Makeup Primer for Glowing Skin - Enriched with Vitamin C + Hydrating Squalane Oil - Travel Size Holiday Gifts - Starglow (0.5 oz),16.0,4.4,5000,False
Beauty: A Retelling of the Story of Beauty and the Beast,0.0,4.5,0,False
Ulta Beauty eGift Card,15.0,4.9,0,False
"Light Based Face-Neck-Massager - 7 Color Portable Facial Massager for Skin Care, Rose Gold",39.99,4.5,7000,False
SOL DE JANEIRO Brazilian Bum Bum Cream,24.0,4.5,30000,False
"grace & stella Award Winning Dew-Tox & Chill Skincare Gift Set - Christmas Stocking Stuffer with Gold Eye Masks, Hyaluronic Acid Serum & Rose Spray - Birthday Gifts for Women, Teens, Mom, Brides",11.65,4.7,5000,False
Real Perfection Makeup Brush Set 16 Pcs with 1 Eyebrow Razor Premium Synthetic Foundation Powder Concealers Eyeshadow Blush Makeup Brushes Make up Brushes Kit (Pink),14.99,4.5,30000,False
"BEAKEY Makeup Sponge 5 Pcs Set, Latex-Free Boun Boun Beauty Sponge for Blending, Makeup Sponges for Foundation Liquid Cream and Powder. Blender for Enhanced Make Up Application, Gift for Women",9.95,4.6,50000,False
"Catrice | Under Eye Brightener | Conceal & Brighten Dark Circles | With Hyaluronic Acid & Shea Butter | Vegan, Cruelty Free & Paraben Free (010 | Light Rose)",6.0,4.2,70000,False
"Mario Badescu Facial Spray with Aloe, Herbs and Rose Water for All Skin Types, Face Mist that Hydrates, Rejuvenates & Clarifies",8.0,4.5,20000,False
Michael Todd Beauty - Sonicsmooth – SONIC Technology Dermaplaning Tool - 2 in 1 Women’s Facial Exfoliation & Peach Fuzz Hair Removal System with 8 Weeks of Safety Edges,121.0,4.2,4000,False
"COSRX Snail Mucin 92% Moisturizer, Daily Repair Face Gel Cream Tube Type for Dry, Sensitive Skin, Not Tested on Animals, No Parabens, No Sulfates, No Phthalates, Korean Skin Care (7.05Fl Oz / 200g)",23.0,4.6,70000,False
Rare Beauty by Selena Gomez Soft Pinch Liquid Blush Bliss,23.0,4.3,1000,False
Sleeping Beauty [Blu-ray],9.95,4.8,200000000,False
Ulta Beauty eGift Card,15.0,4.9,0,False
"LANEIGE Water Bank Blue Hyaluronic Moisturizer: Barrier-Boosting Hydration, Squalane, Ceramide, Dermatologist-tested",43.0,4.5,2000,False
"e.l.f. Liquid Metallic Eyeshadow, Gel Formula, Multi-Dimensional Finish For Bold Eye Looks, One-Swipe Coverage, Vegan & Cruelty-Free, Moon, 0.1 Fl Oz",5.5,4.3,10000,False
"Vitafusion Multivitamin Plus Beauty – 2-in-1 Benefits – Adult Gummy with Hair, Skin & Nails Support (Biotin & Retinol – Vitamin A RAE) Daily, 90 Count",35.49,4.6,700000000,False
"Freeman 14 Piece Love To Mask Variety Pack, Face Masks For All Skin Types, Hydrate, Detoxify, & Clear Skin, Exfoliating Scrub, Bonus Headband & Skin Buffer, Stocking Stuffer, Cruelty-Free & Vegan",12.99,4.6,10000,False
"SpaLife Softening Care Foot Sockies (8-Pack) - Spearmint & Tea Tree Oil, Exfoliating Pack for Healthy Feet, Intensive Repair, Callus Remover Sockies, Dry Skin Solution, Moisturizing Foot Treatment",19.99,4.5,8000,False
"Self Tanner Drops for Face Tanner, Sunless Tan, Body & Face Self Tanner Drops, Face Tanning Drops to Make Self Tanner Face Self Tanning Lotion, Tan Drops for Face Tan",31.99,4.3,2000,False
"Dove Lotion, Beauty Cream - Light, Fast-Absorbing Face and Body Cream for Normal to Dry Skin, 24-Hour Moisture, Luxuriously Scented Face Cream, Hand & Body Lotion, Travel Size, 2.53 Fl Oz (Pack of 4)",4.76,4.7,50000000,False
"Mighty Patch™ Original patch from Hero Cosmetics - Hydrocolloid Acne Pimple Patch for Covering Zits and Blemishes in Face and Skin, Vegan-friendly and Not Tested on Animals (36 Count)",12.99,4.6,100000,False
MAREE Collagen Face Mask with Hyaluronic Acid - Sheet Face Masks Skincare with Green & Red Algae Extract for All Skin Types - Hydrating Facial Mask Skin For Women Care Mascarillas Faciales - 6 Pack,19.95,4.5,10000,False
Elizavecca cer-100 collagen coating hair protein treatment 100ml,8.4,4.4,50000,False
TATCHA The Dewy Skin Cream: Rich Cream to Hydrate,72.0,4.6,30000,False
BS-MALL Travel Makeup Brush Set Foundation Powder Concealers Eye Shadows Makeup Set with LED light Mirror 14 Pcs Mini Makeup Brushes (APINK),19.99,4.3,10000,False
BS-MALL Travel Makeup Brush Set Foundation Powder Concealers Eye Shadows Makeup Set with LED light Mirror 14 Pcs Mini Makeup Brushes (APINK),19.99,4.3,10000,False
"e.l.f. SKIN Holy Hydration! Jet Set Hydration Kit, Travel Friendly Hydrating Skincare Set, Face Cleanser, Balm, Moisturizer, Eye Cream & Night Cream, Vegan & Cruelty-Free",17.0,4.6,20000,False
"Honest Beauty 2-in-1 Extreme Length Clean Mascara + Lash Primer | Lengthening + Volumizing | EWG Verified + Cruelty Free | Black, .27 fl oz",19.59,4.1,10000,False
Finishing Touch Flawless Facial Hair Remover for Women,19.88,4.4,40000,False
First Aid Beauty Ultra Repair Cream 14 oz jar,43.0,4.6,1000,False
NuDerma Portable Handheld Skin Therapy Wand Machine w/Neon – Anti-Aging - Skin Tightening - Wrinkle Reducing - Dark Circles – Clarifying - Hair & Scalp Stimulator,69.95,4.4,20000,False
LAURA GELLER NEW YORK Award-Winning Baked Balance-n-Brighten Color Correcting Powder Foundation - Light - Buildable Light to Medium Coverage - Demi-Matte Natural Finish,33.9,4.1,40000,False
"COSRX Propolis Ampoule, Glow Boosting Serum for Face with 73.5% Propolis Extract, 1.01fl.oz/30ml, Hydrating Essence for Sensitive Skin, Fine Lines, Uneven Skintone, Korean Skincare",20.5,4.5,10000,False
Beauty And The Beast,13.85,4.8,500000000,False
"SpaLife Cooling Eye Pads - Korean Soothing Eye Pads for Dark Circles, Puffy Eyes, and Wrinkles - 48 Pads with Fruit + Vegetable Extracts - Revitalizing Hydrating Eye Pads for Eye Treatment (Cucumber)",14.99,4.3,5000,False
"Epielle Animal Character Sheet Masks | Korean Beauty Masks for All Skin Types | Pack of 6 | Kids Face Mask, Birthday Party Gift, Girls' Night, Spa Day, Spa Night | Korean Skincare",13.95,4.6,6000,False
"e.l.f. Squeeze Me Lip Balm, Moisturizing Lip Balm For A Sheer Tint Of Color, Infused With Hyaluronic Acid, Vegan & Cruelty-free, Strawberry",4.0,4.5,60000,False
"COSRX Glass Skin Starter Set, Amazon Exclusive, Advanced Snail 96% Mucin Power Essence & Retinol 0.1% Cream Mini Sample, Daily Hydrating & Firming Korean Skin Care Kit, Gift Set",29.99,4.5,20000,False
"First Aid Beauty - KP Bump Eraser Body Scrub with 10% AHA, Keratosis Pilaris Skin Exfoliater with Glycolic and Lactic acids, Helps Reduce Chicken Skin Bumps, Safe for Sensitive Skin, 10 oz",34.0,4.4,5000,False
Beauty: A Very Short Introduction,0.0,4.6,0,False
"Disney Store Official Princess Classic Doll (Belle from Beauty and The Beast), 11 Inches, Includes Brush with Molded Details, Posable Toy in Classic Outfit Princess Toys for Girls",19.99,4.8,2000,False
"Victoria's Secret Fragrance Mist Collection 4 Piece Mini Mist Gift Set, Assorted Scents, Gift Set for Women",35.0,4.6,20000,False
"Under Eye Patches, 40 Pairs Eye Mask for Dark Circles, Puffy Eyes, Undereye Bags,Wrinkles,Eye Mask Patches with 24K Gold, Hyaluronic Acid,Rose & Aloe Vera, Eye Treatment Skin Care for Men & Women Gift",9.99,4.5,40000,False
"grace & stella Award Winning Hyaluronic Acid Serum (50ml/1.7 fl oz) Hyaluronic Acid Serum for Face - Acido Hialuronico Face Serum for Women - Hydrating Serum Remove Fine Lines, Wrinkles - Anti Aging",19.95,4.5,10000,False
Sleeping Beauty (Two-Disc Platinum Edition),17.95,4.8,50000000,False
Gift Set for Women Body & Earth Gifts for Women Lavender Gift Baskets For Women Bath Sets for Women Gift with Bubble Bath Body Lotion Scented Candle Christmas Gifts for Women Bath Gifts for Women,26.99,4.6,10000,False
"Maybelline Lifter Gloss, Hydrating Lip Gloss with Hyaluronic Acid, Ice, Pink Neutral, 0.18 Ounce",8.57,4.5,6000,False
"Clean Skin Club Clean Towels XL™, 100% USDA Biobased Face Towel, Disposable Face Towelette, Makeup Remover Dry Wipes, Ultra Soft, 50 Ct, 1 Pack",17.95,4.7,100000,False
COSLUS Facial Cleansing Brush Silicone Face Scrubber: 7 in 1 FBS-D Electric Exfoliating Rotating Massage Device Waterproof Deep Cleaning Exfoliation Spa Machine - Electronic Skin Care Wash System,19.99,4.3,4000,False
Meaningful Beauty Youth Activating Melon Serum,76.0,4.5,1000,False
"Medicube Zero Pore Pads 2.0, Dual-Textured Facial Toner Pads for Exfoliation and Pore Care with 4.5% AHA Lactic Acid & 0.45% BHA Salicylic Acid, Ideal for All Skin Types, Korean Skin Care (70 Pads)",17.9,4.5,80000,False
"grace & stella Under Eye Patches for Puffy Eyes and Dark Circles (Retinol, 24 Pairs) Restoring Gel Under Eye Masks with Hyaluronic Acid - Vegan Cruelty-Free Skincare Birthday Gifts for Women",14.95,4.3,20000,False
"e.l.f. Hydrating Core Lip Shine, Conditioning & Nourishing Lip Balm, Sheer Color Tinted Chapstick, Ecstatic, 0.09 Oz",7.0,4.3,10000,False
"SimplyVital Collagen, Retinol & Hyaluronic Acid Cream - Anti-Aging Face Moisturizer for Face, Neck & Décolleté - Made in USA, Daily Moisturizer Face Cream - 1.7 fl.oz.",22.89,4.3,80000,False
"Peach & Lily - Glass Skin Discovery Kit (4 Products) - Cleanser, Essence, Serum, & Cream - Facial Skincare Set - Acne Routine - Trial & Travel Size - Vegan, Gluten Free, & Cruelty Free - Korean Beauty",27.3,4.4,8000,False
American Beauty,9.99,4.6,100000000,False
Victoria's Secret Bombshell Fine Fragrance 8.4oz Mist,24.47,4.5,10000,False
"Kitsch Rosemary Oil for Healthy Scalp, Pre Wash Scalp & Hair Oil Infused with Biotin, Hair Strengthening Treatment, Nourishing & Volumizing in Recycled Bottle, 60 mL",18.99,4.3,7000,False
"Burt's Bees Stocking Stuffers, In Full Bloom Lip Balm Set, Original Beeswax, Dragonfruit Lemon, Tropical Pineapple & Strawberry, Natural Origin Lip Treatment Christmas Gifts (4-Pack)",11.99,4.8,0,False
"Marc Anthony Leave-In Conditioner Spray & Detangler, Grow Long Biotin - Anti-Frizz Deep Conditioner For Split Ends & Breakage - Vitamin E, Caffeine & Ginseng for Curly, Dry & Damaged Hair",7.67,4.4,40000,False
DERMAL 24 Combo Pack A Collagen Essence Korean Face Mask - Hydrating & Soothing Facial Mask with Panthenol - Hypoallergenic Self Care Sheet Mask for All Skin Types - Natural Home Spa Treatment Mask,16.99,4.6,20000,False
Schönbrunn - Well of Beauty,0.99,No Rating,0,False
"L'Oréal Paris Revitalift Anti-Wrinkle and Firming Face and Neck Moisturizer, Pro Retinol 1.7 oz",13.26,4.6,6000,False
"BIODANCE Hydro Cera-nol Real Deep Mask, Overnight Hydrogel Mask, Soothing, Moisturizing, Nourishing, 1.19oz(34g) x 4ea",19.0,4.3,50000,False
"Patchology Hydrating Under Eye Patches for Dark Circles, Serve Chilled Hyaluronic Acid Serum Under Eye Mask protects and softens skin, Rose Eye Mask Skincare Treatment (5 Pairs)",15.0,4.5,10000,False
"L'ANGE HAIR Le Volume 2-in-1 Titanium Blow Dryer Brush | Hot Air Brush in One with Oval Barrel | Hair Styler for Smooth, Frizz-Free Results for All Hair Types (Black - 75 mm)",59.0,4.3,30000,False
"Neutrogena Makeup Remover Wipes, Ultra-Soft Cleansing Facial Towelettes for Waterproof Makeup, Alcohol-Free, Plant-Based, 50 Count (2 Packs of 25)",9.97,4.8,100000,False
NanoSteamer Large 3-in-1 Nano Ionic Facial Steamer with Precise Temp Control - Humidifier - Unclogs Pores - Blackheads - Spa Quality - Bonus 5 Piece Stainless Steel Skin Kit (Silver),35.95,4.5,5000,False
Rare Beauty by Selena Gomez Soft Pinch Tinted Lip Oil Happy,19.0,4.2,1000,False
"d'alba Piedmont Italian White Truffle First Spray Serum, Vegan Skin Care, Light-weight Face Moisturizer, Glow Serum for Radiant Skin, Non Comedogenic, All In One Mist, Korean Skin Care (3.38 fl oz.)",24.0,4.4,40000,False
Women's Open Front Knit Lightweight Cardigan Casual Long Coatigan Sweater Lady Jacket Coat 2024 Fall Outerwear,33.99,4.4,2000,False
"Flare Leggings, Crossover Yoga Pants with Tummy Control, High-Waisted and Wide Leg",19.59,4.3,10000,False
Men's Long Sleeve Quilted Lined Flannel Shirt Jacket with Hood,30.99,4.6,4000,False
Womens Sweatshirts Half Zip Cropped Pullover Fleece Quarter Zipper Hoodies 2024 Fall Fashion Outfits Clothes,38.99,4.4,5000,False
Womens Fall Outfits Fashion Clothes Shackets Flannel Plaid Button Down Long Sleeve Shirts Jackets 2024,36.99,4.4,9000,False
Women's Oversized Cable Knit Crewneck Sweaters,49.99,4.4,3000,False
Womens Long Sleeve Shirts Basic Crop Tops Tight Slim Fit Cute Teen Girls Fall Winter Y2k Clothes,14.99,4.4,10000,False
Long Sleeve Shirts Womens Pleated Business Casual Blouses with Smocked Cuffs,19.99,4.4,800000000,False
"Men's Hoodie, EcoSmart Fleece Hoodie, Hooded Sweatshirt for Men",11.46,4.5,10000,False
Womens Casual Winter Warm Fleece Sherpa Lined Pullover Hooded Sweatshirt,42.96,4.6,2000,False
Womens Club Fleece Jogger Sweatpants,55.87,4.4,2000,False
Sweatpants Women Baggy High Waisted Sweat Pants Fall Clothes Casual Joggers Y2k Aesthetic Warm Trousers with Pockets,19.99,4.1,4000,False
Womens Oversized Hoodies Fleece Sweatshirts Long Sleeve Sweaters Pullover Fall Outfits Winter Clothes,42.99,4.5,8000,False
"EcoSmart Fleece, Cotton-Blend Pullover, Crewneck Sweatshirt for Men (1 Or 2 Pack)",11.11,4.6,5000,False
Club Men's Training Joggers,50.9,4.5,2000,False
Hooded Legging Set,44.99,4.7,600000000,False
Womens Long Sleeve Shirts Lace Tops Business Casual Fall Fashion Outfits Clothes 2024 Knitted Y2k Blouses,19.99,4.4,1000,False
Sportswear Men's Pullover Club Hoodie,54.2,4.7,1000,False
"Men's Hoodie, Powerblend, Fleece Men's Hoodie, Comfortable Men's Sweatshirt, Script Logo (Reg. or Big & Tall)",28.88,4.7,800000000,False
Womens Fashion 2024 Color Block Long Sleeve Crewneck Knitted Casual Loose Pullover Shirts Tops,29.98,4.2,800000000,False
Women Striped Oversized Sweatshirt Long Sleeve Crewneck Shirts 2024 Fall Fashion Pullover Sweater Trendy Clothes,17.99,4.4,1000,False
Women's Fall Fashion Turtleneck Long Sleeve Striped Ribbed Knit Loose Pullover Sweater Tops,42.99,4.5,1000,False
Womens Long Sleeve Shirts Crop Tops Basic Tight Slim Fit Y2K T Shirts Winter Clothes 2024,14.99,4.2,1000,False
"Men's Crew T-Shirts, Multipack, Style G1100",19.97,4.6,2000,False
Women's Oversized Batwing Sweaters 2024 Fall Outfits Crewneck Ribbed Knit Side Slit Trendy Pullover Tops,48.99,4.4,2000,False
"Leggings with Pockets for Women, High Waisted Tummy Control Workout Yoga Pants",44.79,4.6,2000,False
Womens Zip Up Hoodies Oversized Sweatshirts Fall Fashion Outfits Sweaters Casual Jackets 2024 Winter Clothes,25.99,4.3,1000,False
Women's Oversized Turtleneck Sweaters Fall Batwing Sleeve Ribbed Tunic Sweater,42.99,4.3,1000,False
Women's Oversized Sweaters Fuzzy Chunky Warm Pullover Sweater,39.99,4.2,700000000,False
Women 2 Piece Outfits Sweatsuit Oversized Sweatshirt Sweatpants Tracksuit Sweat Lounge Matching Set 2024 Fall Trendy,57.99,4.2,700000000,False
Men's Tech Golf Polo,22.97,4.7,2000,False
Womens Oversized Long Sleeve T Shirts Basic Crewneck Tee Fall Tops Casual Workout Fashion Casual Y2K Clothes,19.99,4.1,1000,False
Womens Basic Casual V Neck Plaid Print Cotton Cuffed Long Sleeve Work Tops Blouses Shirts S-3XL,28.88,4.3,2000,False
Fleece Pullover Hoodie and Pants Outfit Set Toddler to Little Kid Sizes (2T - 7-8),26.99,4.5,2000,False
Womens Long Sleeve Shirts Going Out Fall Clothes Casual Henley Tops Ribbed Knit Blouses Fashion Trendy Outfits,14.99,4.3,3000,False
Steens Mountain™ Full Zip 2.0,34.0,4.6,2000,False
Track Pants Women Baggy Pants Y2k Pants Parachute Pants for Women Y2K Clothing,23.99,4.1,1000,False
Womens Long Sleeve Shirts Pleated Crew Neck Casual Fall Fashion Tops Loose Fit Lightweight Girls Outfits Clothes,17.99,4.3,1000,False
Women's Jacket - Polar Fleece Sweatshirt Jacket - Lightweight Coat for Women (S-XL),34.98,4.6,300000000,False
"Men's Boxer Briefs, Soft and Breathable Cotton Underwear with ComfortFlex Waistband, Multipack",21.98,4.5,4000,False
Women's Fall 2 Piece Lounge Outfit Long Sleeve Crewneck Pullover Tops High Waisted Pants Set Tracksuit,40.99,4.1,1000,False
Women's Ultra Lux Comfort with Flex Motion Bootcut Jean,27.7,4.5,500000000,False
Workout Leggings for Women - High Waisted Yoga Pants Tummy Control Compression for Running,9.99,4.3,1000,False
4 Pack: Men's Dry-Fit UV Moisture Wicking UPF 50+ SPF Sun Protective Fishing Hiking Active Long Sleeve Shirt,34.99,4.4,6000,False
Women's Ultra Lux Comfort with Flex Motion Trouser Pant,20.2,4.2,2000,False
Womens Zip Up Hoodies Jackets Cropped Sweatshirts Fleece Fall Outfits Casual Comfy Y2k Tops Winter Clothes 2024,38.99,4.3,1000,False
Womens Oversized Cardigans Soft Knit Cardigan Sweater with Pockets,38.99,4.4,1000,False
"Toddlers and Baby Girls' Loose-Fit Polyester Jersey Footed Pajamas, Pack of 3",23.53,4.7,1000,False
Long Sleeve Shirts for Women 2024 Fall Fashion V Neck Basics Crop Tops Layering Slim Fitted Y2K Tops,14.99,4.2,400000000,False
Womens Zip Up Hoodies Fleece Jackets Oversized Sweatshirts Fall Fashion Outfits Sweaters Winter Clothes,26.39,4.2,800000000,False
Men's Linen Shirts Short Sleeve Casual Shirts Button Down Shirt for Men Beach Summer Wedding Shirt,25.58,4.2,1000,False
Intensify Workout Shorts for Women Seamless Scrunch Short Gym Yoga Running Sport Active Exercise Fitness Shorts,24.99,4.4,2000,False
"Toddlers and Baby Girls' Loose-Fit Polyester Jersey Footed Pajamas, Pack of 3",23.53,4.7,1000,False
Men's Full-Zip Fleece Jacket (Available in Big & Tall),20.9,4.5,900000000,False
Women's Fleece Lined Pants Winter Thermal Warm Bootcut Flare Leggings Hiking Yoga Pants with Zip Pockets Cold Weather,36.99,4.2,2000,False
Womens Oversized Striped Soft Knit Pullover Sweater Shirts with Chest Pocket,29.99,4.4,600000000,False
Womens Oversized Sweatshirts Fall Fashion Hoodies Half Zip Pullover Long Sleeve Shirts Clothes Outfits,36.99,4.4,1000,False
baby-girls 6-piece Bodysuits (Short and Long Sleeve) and Pants Set,24.5,4.8,2000,False
Womens Oversized Sweatshirt V Neck Long Sleeve Tunic Lightweight Pullover 2024 Winter Casual Tops Teen Girl Outfits,28.48,4.4,200000000,False
Baby and Toddler Boys' Basic Bootcut Jeans,14.99,4.8,2000,False
"Baby Girls' 4-Piece Jacket, Pant, and Bodysuit Set",20.0,4.8,1000,False
Men's Flannel Shirts Casual Button Down Plaid Shirt Jacket Long Sleeve Fleece Shacket with Pockets,29.99,4.3,600000000,False
Womens 2 Piece Shirts Short Sleeve Crew Neck Ruched Stretch Fitted Tee Shirts Crop Tops,29.99,4.2,500000000,False
Womens Fleece Jackets Zip Up Oversized Sweatshirts Winter Clothes Long Sleeve Crop Sherpa Fall Outfits Fashion,37.99,4.3,400000000,False
"Baby Girl Clothes,Hoodie Tops Floral Pant with Cute Headband Baby Girl Fall Outfits",24.99,4.6,2000,False
"Men's T-Shirt, Classic Graphic T-Shirt, Soft and Comfortable T-Shirts for Men, Script Logo (Reg. or Big & Tall)",11.25,4.6,1000,False
Womens Lightweight Full Zip Running Track Jacket Workout Slim Fit Yoga Sportwear with Thumb Holes,19.99,4.4,2000,False
Men's Venice Burnout Notch Neck Tee,34.45,4.5,800000000,False
"Toddlers and Baby Boys' Loose-Fit Flame Resistant Fleece Footed Pajamas, Pack of 3",25.7,4.8,4000,False
Womens Hoodies Oversized Sweatshirts Half Quarter Zip Pullover Cropped Long Sleeve Fall Outfits Fashion Clothes,29.99,4.6,600000000,False
Long Sleeve Shirts for Women V Neck Casual Fall Tops Loose Fit Lightweight Sweaters Tunic Fashion 2024 Clothes,16.99,4.1,1000,False
Minnie Mouse Mickey Mouse Pullover Fleece Hoodie and Leggings Outfit Set Infant to Big Kid Sizes (12 Months - 14-16),19.99,4.7,1000,False
Womens Long Sleeve Round Neck Shirts Basic Tee Casual Top Fall Trendy Tunic Outfits Fitted T Shirts,8.99,4.3,1000,False
Oversized Sweatshirt for Women 2024 Fall Crewneck Striped Long Sleeve Shirts Hoodies Preppy Top Y2K Outfits,14.39,4.4,1000,False
Lilo & Stitch Girls French Terry Crossover Hoodie Toddler to Big Kid,27.99,4.5,1000,False
Boys' Basic Bootcut Jeans,16.99,4.6,1000,False
Girls' Basic Denim Jacket,18.62,4.8,1000,False
Men's Extended Sizes Jersey Knit Sleep Pajama Lounge Pant (1 & 2 Packs),25.3,4.5,1000,False
"Women's Ecosmart V-Notch Crewneck Sweatshirt, Fleece Pullover Sweatshirt For Women",9.0,4.3,2000,False
"Men's Joggers, Powerblend, Fleece Joggers, Comfortable Sweatpants for Men (Reg. or Big & Tall)",35.0,4.6,2000,False
"Flare Leggings, Crossover Yoga Pants with Tummy Control, High-Waisted and Wide Leg",19.99,4.6,800000000,False
"Men's Dri-Power Cotton Blend Long Sleeve Tees, Moisture Wicking, Odor Protection, UPF 30+, Sizes S-3x",10.22,4.5,2000,False
Womens Tops 2024 Spring Color Block Long Sleeve Shirts V Neck Dressy Casual Blouses,21.98,4.4,900000000,False
Boys' Logo Short Sleeve Tee Shirt,15.0,4.7,2000,False
Womens Winter Clothes Fall Fashion Outfits 2024 Waffle Knit Clothing Oversized Button Down Shirts,34.99,4.3,200000000,False
Boys' 3-Pack Long Sleeve Shirts,23.0,4.8,2000,False
Women's Sweatshirts Hoodies Crewneck Oversized Fleece Pullover Sweaters Cute Top Y2K Teen Girls Preppy Clothes 2024,34.99,4.4,600000000,False
"Men's V-Neck T-Shirts, Multipack, Style G1103",20.13,4.5,1000,False
baby-boys 3-piece Playwear Set,19.0,4.8,1000,False
Women 2 Piece Skirts 2 in 1 Flowy Basic Versatile Stretchy Flared Casual Mini Skirts,29.99,4.2,600000000,False
"Men's Joggers, Lightweight Lounge Pants, Jersey Graphic Pants for Men, 31""",21.0,4.4,900000000,False
Baby Girl Fall Winter Clothes Toddler Outfit Letters Graphic Crewneck Sweatshirts + Joggers Pants Set,19.99,4.5,1000,False
Womens Basic T-Shirts Scoop Neck Short Sleeve Crop Tops Cute Summer Tops Slim Fit Tees Y2k Clothing 2024,14.99,4.4,1000,False
Hoodies for Women Waffle Knit Long Sleeve Drawstring Button V Neck Casual Pullover Sweatshirt Hooded Tops,31.88,4.1,1000,False
Boys' Brawler 2.0 Tapered Pants,14.36,4.6,1000,False
Mens Hooded Sweatshirt Casual Long Sleeve Drawstring Waffle Knit Pullover Hoodies,24.95,4.5,200000000,False
Womens Long Sleeve Shirts Casual Loose Fit Tops Fall Fashion Dressy Basic Trendy Outfits Clothes 2024,19.99,4.3,800000000,False
Women's Square Neck Sleeveless Double-Layer Tank Tops Basic Tight T Shirts,19.99,4.2,600000000,False
baby-boys 4-pack Sleep 'N Play Footies,22.98,4.7,1000,False
Minnie Mouse Fleece Sweatshirt and Pants Outfit Set Newborn to Big Kid Sizes (Newborn - 14-16),25.99,4.7,600000000,False
Baby Girl Fall Winter Clothes Toddler Outfit Letters Graphic Crewneck Sweatshirts + Joggers Pants Set,19.99,4.5,1000,False
Women 2 Piece Skirts 2 in 1 Flowy Basic Versatile Stretchy Flared Casual Mini Skirts,29.99,4.2,600000000,False
Women's Classic-Fit Lightweight Long-Sleeve V-Neck Sweater (Available in Plus Size),23.7,4.4,800000000,False
3 Pack: Women's Ultra-Soft Lounge Joggers Sweatpants Athletic Yoga Pants with Pockets (Available in Plus),39.99,4.3,500000000,False
Men's Rival Fleece Pants,41.25,3.9,800000000,False
Baby Toddler Girls Basic Denim Jacket,12.06,4.8,1000,False
Women's 2 Piece Yoga Pants Ribbed Seamless Workout High Waist Bell Bottoms Flare Leggings,25.99,4.3,400000000,False
"Unisex Adult Ultra Cotton Long Sleeve T-Shirt, Style G2400, Multipack",15.99,4.5,1000,False
Baby Toddler Boys Warm Fleece Quarter Zip Pullover,12.43,4.8,1000,False
baby-boys 3-piece Playwear Set,19.0,4.8,2000,False
Women's 2 Piece Yoga Leggings Ribbed Seamless Workout High Waist Cross Over Athletic Exercise Leggings,36.99,4.3,600000000,False
Girls' 720 High Rise Super Skinny Fit Jeans,14.99,4.6,1000,False
Boys' 3-Pack Thermal Long Sleeve Shirts,21.0,4.8,2000,False
Lion King Mickey Mouse Winnie the Pooh Toy Story Fleece Sweatshirt and Pants Outfit Set Newborn to Big Kid Sizes,24.99,4.7,400000000,False
"Adult Heavy Cotton Long Sleeve T-Shirt, Style G5400, 2-Pack",16.1,4.5,800000000,False
Girls' Skinny Fit Pull on Jeggings,15.51,4.7,2000,False
Womens Workout Sets 2 Piece - Seamless Acid Wash Yoga Outfits Shorts and Crop Top Matching Gym Athletic Clothing Set,19.99,4.4,500000000,False
girls 4-piece Playwear Set,21.47,4.8,1000,False
Girls' 2-Pack Fleece Full Zip Hoodies,19.5,4.8,1000,False
Women Going Out Casual Tank Tops Spring Summer Basic Cute 2024 Sleeveless Shirt Y2K Fashion Outfit Clothes,14.99,4.3,700000000,False
Girls' Long-Sleeve Half-Zip Hooded Sweatshirt,29.99,4.9,1000,False
Women's Lightweight Crewneck Cardigan Sweater (Available in Plus Size),24.7,4.4,300000000,False
"Padded Bralettes for Women, 6 Pcs Sports Bras for Women Pack, V Neck Cami Bando Bra for Women Girls",26.99,4.0,1000,False
Womens Long Sleeve Crop Tops Basic Slim Fitted Shirts Casual Fashion 2024 Going Out Y2k Tops Teen Girl Clothes,14.99,4.4,2000,False
Womens Fashion Workout T Shirts Athletic Plus Size Tops Summer Trendy Clothes 2024 Short Sleeve Spring Tee,9.99,4.2,600000000,False
Boys' Tech Hybrid Print Short Sleeve T Shirt,15.0,4.6,300000000,False
3 Pack: Boys' Tech Fleece Open Bottom Sweatpants with Pockets,34.99,4.3,1000,False
"Men's Performance Tech Loose-Fit Lightweight Shorts (Available in Big & Tall), Pack of 2",19.0,4.5,800000000,False
Men's Tech 2.0 V-Neck Short-Sleeve T-Shirt,17.5,4.5,1000,False
Boys Extreme Sports Short Sleeve Graphic T Shirt,16.07,4.8,300000000,False
Toddler Kid Girl Clothes Ruffle Sleeve High Low Top Floral Allover Pants Fall Winter Outfit Set,18.99,4.6,700000000,False
Boys' Long-Sleeve Half-Zip Hooded Sweatshirt,29.99,4.9,1000,False
Women Long Sleeve Crewneck Rib Knit Slim Fit Shirts Basic Tee Tops 2024 Casual T-Shirt Going Out Workout Outfits,19.99,4.6,1000,False
Clothing x NFL - Bold Logo - Short Sleeve Fan Shirt for Men and Women - Officially Licensed NFL Apparel,22.88,4.6,500000000,False
"Essentials Sweatpants, Men’s Cotton Jersey Pants with Pockets, 33”",13.21,4.3,500000000,False
Womens Long Sleeve Round Neck Shirts Basic Tee Fall Tops Outfits Clothes 2024,9.99,4.3,3000,False
"Women's Slim-Fit Tank, Pack of 2",13.3,4.6,800000000,False
Sports Crop Tank Tops for Women Cropped Workout Tops Racerback Running Yoga Tanks Cotton Sleeveless Gym Shirts 3 Pack,19.97,4.4,200000000,False
baby-girls 3-piece Playwear Set,19.0,4.8,600000000,False
Unisex-Baby Benton Springs Fleece Jacket,21.0,4.8,1000,False
Women's Short Sleeve Crewneck T Shirt 2024 Summer Ribbed Knit Slim Fit Basic Solid Color Tee Tops,15.99,4.5,500000000,False
Girls' 2-Pack Stretch Rib Dresses,25.0,4.7,500000000,False
Womens Travel Pants Lightweight Petite Dress Pants with Zipper Pockets Golf Pants Stretch Ankle Work Business Casual,34.99,4.0,500000000,False
unisex-baby 8-pack Short Sleeve Mix & Match Bodysuits,21.98,4.8,1000,False
"Dancing Talking Cactus Baby Toys Boy Girl Gifts, Singing Mimicking Recording Toys Repeats What You Say, Comes with 120 English Songs Singing Talking Musical Toys",23.99,4.3,1000,False
"Baby Toys 0 to 12 Months, Musical Stuffed Animal Activity Soft Toys with Multi-Sensory Crinkle, Rattle and Textures, Infant Tummy Time Toys for Newborn Boys Girls, Caterpillar, Green",22.89,4.6,3000,False
"Dancing Talking Cactus Toy for Baby Toddler, Boys Girls Gifts Singing Mimicking Cactus Toy Recording Repeating What You Say Cactus Baby Toy with 120 English Songs",24.97,4.0,30000,False
"Magic Kick Hover Soccer Ball Indoor Toy for Kids - Light Up Soccer Ball with LED Lights & Air Cushion - Toys for Boys & Girls Ages 4-12, for 4, 6, 8, 10 Year Old",34.99,5.0,0,False
"Melissa & Doug Get Well Doctor’s Kit Play Set – 25 Toy Pieces - Doctor Role Play Set, Doctor Kit For Toddlers And Kids Ages 3+",21.99,4.7,20000,False
"Melissa & Doug Examine and Treat Pet Vet Play Set (24 pcs) - Kids Veterinary Play Set, Veterinarian Kit For Kids, STEAM Toy, Pretend Play Doctor Set For Kids Ages 3+",24.97,4.8,30000,False
"Melissa & Doug Super Smile Dentist Kit With Pretend Play Set of Teeth And Dental Accessories (25 Toy Pieces) - Pretend Dentist Play Set, Dentist Toy, Dentist Kit For Kids Ages 3+",19.97,4.7,30000,False
"Play-Doh Swirlin' Smoothies Toy Blender Playset, Play Kitchen Appliance Set, Kids Arts & Crafts, Preschool Play Food Toys, for Girls & Boys, Ages 3+",5.99,4.5,20000,False
"LCD Writing Tablet for Kids, Colorful Toddlers Toys Drawing Board, Educational Kid Toys, Doodle Pad Dinosaur Toys for 2 3 4 5 6 7 8 Year Old Boys Girls Birthday Party Christmas Gifts,8.5inch",16.98,4.4,100000,False
Fisher-Price Baby Toy Soothe 'n Snuggle Otter Portable Plush Sound Machine with Music Lights & Breathing Motion for Newborns 0+ Months,39.99,4.6,20000,False
"Kids Toddler Toys for Ages 2-4, Talking Hamster Repeats What You Say, Interactive Plush Repeating Toy for 2 3 4 5 6 8 Year Old Boy Girl Birthday Gift (Gray)",24.99,4.3,1000,False
RC Stunt Car Transformer Toy Remote Control Stunt for Boy 8-12 Gesture Sensing Twist Car with Music Hand Controlled RC Car for Kids RC Drift Car,49.99,4.3,100000000,False
"BLUEJAY Transform Rc Cars for Boys 4-7 8-12, 2.4Ghz 1:18 Scale Remote Control Car Transforming Robot, One-Button Deformation 360° Rotation and Drift Car Toy Gifts for Boys 3-5",19.99,4.3,6000,False
"BainGesk Carrier Truck Toys for 2 3 4 5 6 Years Old Boys, 2.8 Ft Race Track Transport Cars Toys with 6 Die-Cast Metal Toy Cars, Birthday Gifts Kids Age 3-5, Racing Cars Toys Gifts for Toddlers",35.49,4.4,2000,False
"VTech Drop and Go Dump Truck, Yellow",12.89,4.8,30000,False
"Hatchimals Alive, Mystery Hatch Pufficorn, Surprise Interactive Toy & Egg with Mist, Lights & Sounds (Styles May Vary), Kids Toys for Girls & Boys",39.0,4.8,60000,False
"Melissa & Doug Star Diner Restaurant Play Set (41 pcs) - Pretend Play Food, Restaurant Toy Set With Cookware, Utensils For Kids, Diner Playset for Kids And Toddlers, Ages 3+",20.99,4.9,20000,False
"Hover Soccer Ball for Kids - Boy Birthday Gifts - Indoor Toy Games Gift for Boys Age 6, 7, 8, 9, 10, 11, 12 Year Old - Light-Up Toys Game for Kid - 6-8, 8-12 - Gifts for 8 Year Old Boy (Single)",19.99,4.3,40000,False
"3 Pack Airplane Launcher Toy, 12.6"" Foam Glider Led Plane, 2 Flight Mode Catapult Plane for Kids Outdoor Sport Flying Toys Gifts for 3 4 5 6 7 8 9 10 12 Year Old Boys Girls",24.99,4.3,30000,False
"Hockvill LCD Writing Tablet for Kids 8.8 Inch, Kids Toys for Girls Boys Drawing Pad for 3 4 5 6 7 8 Year Old Kid, Toddler Drawing Doodle Board Travel Essentials Christmas Birthday Gift for Kids -Pink",9.99,4.5,30000,False
ORSEN 10 Inch LCD Doodle Board Writing Tablet for Kids - Colorful Drawing Pad and Educational Toy Gift for 3-6 Year Old Boys and Girls,18.99,4.5,4000,False
"Dinosaurs Carry Case Set - with Play Scenery Inside, 8 Dinosaur Figures & 2 Volcanic Landscape | Toddler Toys| Dinosaurs for Kids 3-5",19.99,4.2,800000000,False
"LeapFrog Learning Friends 100 Words Book, Green",12.97,4.8,50000,False
"Lite Brite Classic, Favorite Retro Toy - Create Art with Light, STEM, Educational Learning, Holiday, Birthday, Gift, Boys, Kid, Toddler, Girls Age 4+",12.79,4.6,70000,False
"Play-Doh Drill 'n Fill Dentist Toy for Kids 3 Years and Up with Cavity and Metallic Colored Modeling Compound, 10 Tools, 8 Total Cans, 2 Ounces Each, Non-Toxic, Assorted Colors",8.99,4.7,20000,False
"Scientoy Fidget Toy Set, 35 Pcs Sensory Toy for ADD, OCD, Autistic Children, Adults, Anxiety Autism to Stress Relief and Anti Anxiety with Motion Timer, Perfect for Classroom Reward with Gift Box",23.95,4.4,20000,False
"Melissa & Doug 17-Piece Wooden Take-Along Tabletop Railroad, 3 Trains, Truck, Play Pieces, Bridge - FSC Certified",24.99,4.8,20000,False
"Toys for 3-8 Year Old Boys Girls: 2 Pack Bubble Machine for Kids with Bubble Solution, Gifts for 3 4 5 6 7 8 Years Old Boy Birthday Toy for Kid Toddlers Ages 4-6 Outdoor Wedding Bubbles Wands",19.99,4.3,10000,False
"Just Play Sesame Street Chicken Dance Elmo Feature 13 Inch Plush, Interactive Singing and Dancing Plush, Stuffed Animal. Kids Toys for Ages 2 Up",19.94,4.2,20000,False
"Educational Insights GeoSafari Jr. Kidnoculars - Binoculars for Kids Ages 3+, STEM and Outdoor Toys for Toddlers, Gifts for Toddlers, Stocking Stuffers for Kids",9.69,4.6,100000,False
"Care Bears Hello Kitty Dressed As Cheer Bear 8"" Fun-Size Plush - Soft, Huggable Bestie! – Good for Girls and Boys, Employees, Collectors, Ages 4+",9.97,4.8,70000,False
Fisher-Price Baby Toy Poppity Pop Dump Truck Push-Along Vehicle with Fine Motor Activities For Infants Ages 6+ Months,6.97,4.8,20000,False
"MEGA BLOKS First Builders Toddler Blocks Toys Set, Big Building Bag with 80 Pieces and Storage, Pink, Ages 1+ Years",15.99,4.8,50000,False
"Mattel Disney Princess Toys, Rapunzel Fashion Doll, Sparkling Look with Blonde Hair, Blue Eyes & Tiara Accessory, Inspired by the Movie Tangled",6.59,4.8,20000,False
Melissa & Doug Wooden Magnetic Train Cars - 8 Piece Educational and Skill-Building Wooden Toy for Boys and Girls,14.99,4.8,10000,False
"Lincoln Logs – 100th Anniversary Tin, 111 Pieces, Real Wood Logs - Ages 3+ - Best Retro Building Gift Set For Boys/Girls - Creative Construction Engineering - Preschool Education Toy",45.07,4.7,40000,False
"NATIONAL GEOGRAPHIC Magic Chemistry Set - Science Kit for Kids with 10 Amazing Magic Tricks, STEM Projects and Science Experiments, Science Toys, Great Gift for Boys and Girls 8-12 (Amazon Exclusive)",16.99,4.7,50000,False
"VTech Baby Lil' Critters Moosical Beads, Purple",14.99,4.8,20000,False
Fisher-Price Toddler Toy Laugh & Learn Light-Up Learning Vacuum Musical Push Along for Pretend Play Infants Ages 1+ Years​,17.97,4.6,30000,False
"Hot Wheels Toy Cars & Trucks 10-Pack, Set of 10 1:64 Scale Vehicles, Includes Race Cars, Semi, Rescue or Construction Trucks (Styles May Vary)",13.99,4.8,30000,False
"Creativity for Kids Mini Garden: Magical Unicorn Terrarium Kit - Unicorn Gifts for Girls, Kids Crafts and Unicorn Toys Ages 6-8+,Unique Gifts for Kids",7.49,4.6,10000,False
TOMY Games Pop Up Bluey Kids Game - Family and Preschool Games and Bluey Toys for Family Game Night - Classic Kids Board Games - Kids Toys for 2-4 Players - Ages 4 Years and Up,17.54,4.5,20000,False
JOYIN 3 Pack Monster Truck Toy - Motion Activated Light-Up Cars for Toddlers - Monster Treads Lightning Wheels - Baby Toy Present - Press & Go Cars for Boys Girls,19.99,4.4,100000,False
"VTech Turn and Learn Driver, Yellow",12.99,4.8,30000,False
TARA TOY DISNEY PRINCESS NECKLACE ACTIVITY SET,12.99,4.7,30000,False
Melissa & Doug Magnetic Car Loader Wooden Toy Set With 4 Cars and 1 Semi-Trailer Truck,16.79,4.8,10000,False
"Melissa & Doug Slice and Bake Wooden Cookie Play Food Set - Pretend Cookies And Baking Sheet, Wooden Play Food Set, Toy Baking Set For Kids Ages 3+",14.97,4.9,30000,False
"VTech KidiBeats Kids Drum Set, Orange",13.39,4.6,20000,False
"VTech Write and Learn Creative Center , White",19.9,4.7,20000,False
VTech Bluey Ring Ring Phone,8.99,4.7,40000,False
"Hot Wheels 1:64 Scale Die-Cast Toy Cars 5-Pack, Set of 5 Toy Race Cars, Hot Rods, Character Cars, Rescue or Pick-Up Trucks (Styles May Vary)",5.69,4.8,30000,False
"Bitzee, Disney Interactive Toy with 30 Characters Inside, Reacts to Swipes, Tilts & Taps, Disney Toys & Digital Pet Kids Toys for Girls, Boys & Fans",23.44,4.5,70000,False
"JOYIN Large Friction Powered Garbage Truck Toy Set, Includes Dumpster, Trash Bins, and Learning Cards for Kids",29.99,4.6,50000,False
Fisher-Price Baby Crawling Toy Poppity Pop Turtle Push-Along Vehicle with Ball Popping Sounds for Infants Ages 6+ Months​,7.88,4.7,8000,False
"BANZAI: Bump N' Bounce Body Bumpers, A Game of Bumping & Bopping, 2 Bumpers Included in Red & Blue, Fun & Safe Cushion Inflatable Surface, For Ages 4 and up",19.99,4.3,10000,False
"Learning Resources Peekaboo Learning Farm - 10 Pieces, Ages 18+ Months Toddler Learning Toys, Counting and Sorting Toys, Farm Animals Toys",10.99,4.7,20000,False
"Learning Resources STEM Explorers Pixel Art Challenge, 402 Pieces, Ages 5+, STEM Toys For Kids, Coding Basics For Kids, STEM Activities For Classroom, Medium",9.99,4.4,30000,False
"JOYIN 13 in 1 Dinosaur Toys for Kids 3-5, Dinosaur Truck with 12 Pull Back Cars, Dinosaur Cars Set, Birthday Gifts Toys for 3 4 5+ Year Old Boy, Transport Carrier Truck for Toddlers 3-4 Years",39.99,4.6,70000,False
"Elmer’s Squishies Kids’ Activity Kit, DIY Squishy Toy Kit Creates 2 Mystery Characters, 12 Piece Kit",9.92,4.6,6000,False
"Elmer’s Squishies Kids’ Activity Kit, DIY Squishy Toy Kit Creates 2 Mystery Characters, 12 Piece Kit",9.92,4.6,6000,False
"JOYIN Kids Bow and Arrow Set, LED Light Up Archery Toy Set with 9 Suction Cup Arrows, Target & Arrow Case, Indoor and Outdoor Hunting Play Gift Toys for Kids, Boys & Girls Ages 3-12",24.99,4.2,10000,False
"TEMI Kids Bow and Arrow Set - LED Light Up Archery Toy Set with 10 Suction Cup Arrows, Target & Quiver, Indoor and Outdoor Toys for Children Boys Girls",27.99,4.1,10000,False
"Learning Resources STEM Explorers -Ages 5+, Magnet Movers, Critical Thinking Skills, STEM Certified Toys, Magnets Kids,Magnet Set,Back to School Supplies,39 Pieces",11.99,4.7,10000,False
VTech Bluey Shake It Bluey,19.99,4.7,10000,False
"VTech Busy Learners Activity Cube, Purple",19.99,4.8,20000,False
"LeapFrog My Own Leaptop, Pink",24.99,4.7,10000,False
"Hasbro Gaming Connect 4 Classic Grid,4 in a Row Game,Strategy Board Games for Kids,2 Player .for Family and Kids,Ages 6 and Up",9.95,4.8,100000,False
13 Pieces Montessori Kitchen Toys for Toddlers-Kids Cooking Sets Real-Toddler Toys Set for Real Cooking with Plastic Children Safe Knives Crinkle Cutter Kids Cutting Board,18.99,4.6,60000,False
"Bluey - 13"" Talking Plush - Interactive - Sing Along, 9 Different Phrases",10.49,4.8,30000,False
"YLL Mini Kids Karaoke Machine with 2 Microphones, Karaoke Gifts for Girls Ages 4, 5, 6, 7, 8, 9, 10, 12 +Year Old, 4-12 Years Old Christmas Toy Gift for Girls (Purple)",39.99,4.6,10000,False
"National Geographic Air Rocket Toy – Ultimate LED Rocket Launcher for Kids, Jump and Launch The Light Up, Air Powered, Foam Tipped Rockets up to 100 Feet",24.99,4.6,20000,False
"VTech Chomp and Count Dino, Green",19.97,4.8,40000,False
Terra by Battat Remote Control Emerald Tree Boa - Electronic Snake Toy for Kids Ages 6+,18.99,4.4,10000,False
"Crayola Light Up Tracing Pad - Pink, Art Kit for Kids, Kids Toys & Games, Light Box, Holiday Gifts for Girls & Boys, 6+ [Amazon Exclusive]",21.89,4.6,100000,False
"Bluey Magnetic Playset, Magnet Activity Toys, Great Birthday Parties, at-Home Activities, or Screen-Free Fun, Perfect Travel or Road Trip, Hours of Fun for Kids Ages 3,4,5,6,Multicolor,Medium,214618",12.99,4.5,20000,False
"JOYIN Claw Machine Arcade Toy with LED Light & Adjustable Sound, Rechargable Dispenser Toys Mini Vending Machine for Kids - Perfect Christmas & Birthday Big Gifts for Kids, Ages 3+",54.99,4.0,10000,False
"NASA Lunar Telescope for Kids – 90x Magnification, Includes Two Eyepieces, Tabletop Tripod, and Finder Scope- Kids Telescope for Astronomy Beginners, Space Toys, NASA Gifts (Amazon Exclusive)",44.99,4.1,20000,False
VTech Pull and Sing Puppy,14.99,4.7,10000,False
"Bluey Figure 4 Pack - Family Pack, Multicolor (13009)",14.88,4.9,20000,False
"JOYIN Learning Toys Play Food Set for Toddlers, Cutting Food Toy for Preschool Activities, Pretend Play Kitchen Accessories for Kids, Color Sorting Toys for Boys & Girls, Daycare Educational Toys",23.99,4.8,30000,False
"Retevis RT628 Kids Walkie Talkies,Army Toys for 5-13 Year Old Boys Girls,FRS Walkie Talkie for Kids,Gifts for Birthday Outdoor Camping(1 Pair Camo)",22.99,4.5,8000,False
Flybar My First Foam Pogo Jumper for Kids Fun and Safe Pogo Stick for Toddlers,12.99,4.3,40000,False
"JOYIN 236Pcs Glowing Marble Run with Motorized Elevator- Construction Building Blocks Toys with 30 Glow in The Dark Plastic Marbles, STEM Gifts for Boys and Girls",39.99,4.6,30000,False
"Munchkin® Float & Play Bubbles™ Baby and Toddler Bath Toy, 4 Count",6.15,4.8,80000,False
"JOYIN Remote Control Excavator Toys for Boys, 2.4Ghz RC Excavator Toy with Light, Construction Toys for Boys 3-5 4-7 8-12 Year Old Kids, Birthday Gift",29.99,4.3,6000,False
VTech Touch and Learn Activity Desk Deluxe (Frustration Free Packaging),54.99,4.7,10000,False
VTech Drill and Learn Toolbox,24.99,4.7,30000,False
"Paw Patrol: Rescue Wheels Skye’s Jet, Toy Truck with Transformation into Jet-Mode and Collectible Action Figure, Kids Toys for Boys & Girls Ages 3+",14.02,4.6,10000,False
"hand2mind Sensory Fidget Tubes, Calming Toys for Kids, Occupational Therapy Toys, Play Therapy, Stress Relief Toy, Comfort Items for Anxiety, Calm Down Corner Supplies (Set of 4)",18.49,4.6,30000,False
"LeapFrog Learning Friends 100 Words Book (Frustration Free Packaging), Green",12.97,4.8,50000,False
"Force1 Scoot Hand Operated Drone for Kids or Adults - Hands Free Motion Sensor Mini Drones for Kids, Easy Indoor Small UFO Toy Flying Ball Drone Toy for Boys and Girls Kids Drones (Blue)",19.3,4.0,10000,False
"FUN LITTLE TOYS Pop Up Tent with Kids Camping Gear Set, Kids Play Tent Outdoor Toys Camping Tools Set for Kids",37.69,4.7,10000,False
"Click N' Play Toy Puppy Set for Kids, Dog Bed - Little Toddler Girl Toy, Toys 3+ Year Old Girls, Three Year Old Girl Gifts,Toy Dogs for Kids - Puppy Toys for Kids",22.39,4.5,2000,False
JOYIN Arcade Basketball Game Set with 4 Balls and Hoop for Kids 3 to 12 Years Old Indoor Outdoor Sport Play - Easy Set Up - Air Pump Included - Ideal for Competition,49.99,4.2,20000,False
"JOYIN Toy Truck for Kids,5-FT Race Track and 12 Die-Cast Metal Toy Cars, Racing Car with Lights & Sounds, Carrier Truck Toy Gift for 2 3 4 5 Years Old Boys and Girls",29.99,4.3,20000,False
HABA Busy Board for Toddlers 2-4: Town Magnetic Maze Puzzle Game - Toddler Travel Toys for Preschoolers,19.99,4.6,10000,False
"JOYIN 18 Pcs Pull Back City Cars and Trucks Toy Vehicles Set, Friction Powered Cars Toys for Toddlers, Boys, Girls’ Educational Play, Goodie Bags Stuffers",21.99,4.5,20000,False
"LeapFrog Number Lovin' Oven, Pink",24.99,4.8,20000,False
"Nerf N Series Agility Blaster, 12 N1 Darts Compatible Only N Series Blasters, 6 Dart Drum, Kids Outdoor Games",5.99,4.6,20000,False
Fisher-Price Baby & Toddler Toy Laugh & Learn My Smart Purse with Lights & Smart Stages Learning Songs for Infants Ages 6+ Months,28.99,4.8,20000,False
"Educational Insights BrainBolt Handheld Electronic Memory Game with Lights & Sounds, Brain Teaser Puzzle Game, Ages 7+",16.79,4.4,50000,False
"Crayola Toddler Touch Lights, Musical Toy, Sensory Board, Sensory Toys for Toddlers, Mess Free Finger Painting, for Toddlers, 2+",19.97,4.4,30000,False
"TEMI Indoor Basketball Hoop for Kids, Door Room Basketball Hoop,Mini Basketball Hoop with 4 Balls, Basketball Toys for 3 4 5 6 7 8 9 10 11 12 Year Old Boys",49.99,4.4,10000,False
"NATIONAL GEOGRAPHIC Magnetic Marble Run - 75-Piece STEM Building Set for Kids & Adults with Magnetic Track & Trick Pieces & Marbles for Building A Marble Maze, STEM Project (Amazon Exclusive)",39.99,4.5,20000,False
ThinkFun Gravity Maze Marble Run Brain Game and STEM Toy - Award-Winning Educational Toy for Kids 8+ | Spatial Reasoning Skill Development | Engineering and Building Game | 60 Logic Puzzles,24.69,4.6,100000,False
Fun Forts Glow Fort Building Kit for Kids - 81 Pack Glow in The Dark STEM Building Toys Indoor Outdoor Play Tent for Kids Construction Toys with 53 Rods and 28 Spheres,37.99,4.1,20000,False
VTech Touch and Learn Activity Desk Deluxe (Frustration Free Packaging),54.99,4.7,10000,False
"JOYIN Toy Truck for Kids,5-FT Race Track and 12 Die-Cast Metal Toy Cars, Racing Car with Lights & Sounds, Carrier Truck Toy Gift for 2 3 4 5 Years Old Boys and Girls",29.99,4.3,20000,False
"JOYIN Learning Toys Play Food Set for Toddlers, Cutting Food Toy for Preschool Activities, Pretend Play Kitchen Accessories for Kids, Color Sorting Toys for Boys & Girls, Daycare Educational Toys",23.99,4.8,30000,False
VTech Pull and Sing Puppy,14.99,4.7,10000,False
JOYIN Arcade Basketball Game Set with 4 Balls and Hoop for Kids 3 to 12 Years Old Indoor Outdoor Sport Play - Easy Set Up - Air Pump Included - Ideal for Competition,49.99,4.2,20000,False
13 Pieces Montessori Kitchen Toys for Toddlers-Kids Cooking Sets Real-Toddler Toys Set for Real Cooking with Plastic Children Safe Knives Crinkle Cutter Kids Cutting Board,18.99,4.6,60000,False
"3Doodler Start+ Essentials (2024) 3D Pen Set for Kids, Easy to Use, Learn from Home Art Activity Set, Educational STEM Toy for Boys & Girls Ages 6+",49.99,4.3,100000,False
"Click N' Play Toy Puppy Set for Kids, Dog Bed - Little Toddler Girl Toy, Toys 3+ Year Old Girls, Three Year Old Girl Gifts,Toy Dogs for Kids - Puppy Toys for Kids",22.39,4.5,2000,False
Fisher-Price Stacking Toy Baby's First Blocks Set of 10 Shapes for Sorting Play for Infants Ages 6+ Months,9.89,4.8,20000,False
"hand2mind Sensory Fidget Tubes, Calming Toys for Kids, Occupational Therapy Toys, Play Therapy, Stress Relief Toy, Comfort Items for Anxiety, Calm Down Corner Supplies (Set of 4)",18.49,4.6,30000,False
VTech Drill and Learn Toolbox,24.99,4.7,30000,False
"FUN LITTLE TOYS Pop Up Tent with Kids Camping Gear Set, Kids Play Tent Outdoor Toys Camping Tools Set for Kids",37.69,4.7,10000,False
"Nerf N Series Agility Blaster, 12 N1 Darts Compatible Only N Series Blasters, 6 Dart Drum, Kids Outdoor Games",5.99,4.6,20000,False
"Munchkin® Float & Play Bubbles™ Baby and Toddler Bath Toy, 4 Count",6.15,4.8,80000,False
Flybar My First Foam Pogo Jumper for Kids Fun and Safe Pogo Stick for Toddlers,12.99,4.3,40000,False
"Gabby’s Dollhouse, Kitty Fairy Garden Party, 18-Piece Playset with 3 Toy Figures, Surprise Toys & Dollhouse Accessories, Kids Toys for Girls & Boys 3+",11.99,4.7,10000,False
"JOYIN Toddler Basketball Arcade Game Set, Adjustable Basketball Goal with 4 Balls for Kids Indoor Outdoor Play, Carnival Games, Christmas Birthday Gift for Boys Girls Age 1 and Up - Air Pump Included",42.99,4.3,10000,False
"JOYIN 18 Pcs Pull Back City Cars and Trucks Toy Vehicles Set, Friction Powered Cars Toys for Toddlers, Boys, Girls’ Educational Play, Goodie Bags Stuffers",21.99,4.5,20000,False
The Original The Floor is Lava! Game by Endless Games - Interactive Game For Kids And Adults - Promotes Physical Activity - Indoor And Outdoor Safe,16.97,4.6,50000,False
Hasbro Gaming Simon Handheld Electronic Memory Game With Lights and Sounds for Kids Ages 8 and Up,19.68,4.7,40000,False
"LeapFrog Learning Friends 100 Words Book (Frustration Free Packaging), Green",12.97,4.8,50000,False
"TEMI Indoor Basketball Hoop for Kids, Door Room Basketball Hoop,Mini Basketball Hoop with 4 Balls, Basketball Toys for 3 4 5 6 7 8 9 10 11 12 Year Old Boys",49.99,4.4,10000,False
"Paw Patrol: Rescue Wheels Skye’s Jet, Toy Truck with Transformation into Jet-Mode and Collectible Action Figure, Kids Toys for Boys & Girls Ages 3+",14.02,4.6,10000,False
"Force1 Scoot Hand Operated Drone for Kids or Adults - Hands Free Motion Sensor Mini Drones for Kids, Easy Indoor Small UFO Toy Flying Ball Drone Toy for Boys and Girls Kids Drones (Blue)",19.3,4.0,10000,False
"NATIONAL GEOGRAPHIC Magnetic Marble Run - 75-Piece STEM Building Set for Kids & Adults with Magnetic Track & Trick Pieces & Marbles for Building A Marble Maze, STEM Project (Amazon Exclusive)",39.99,4.5,20000,False
Fisher-Price Baby & Toddler Toy Laugh & Learn My Smart Purse with Lights & Smart Stages Learning Songs for Infants Ages 6+ Months,28.99,4.8,20000,False
"Educational Insights BrainBolt Handheld Electronic Memory Game with Lights & Sounds, Brain Teaser Puzzle Game, Ages 7+",16.79,4.4,50000,False
"JOYIN 4-Pack Fidget Tubes for Kids, Sensory Tubes, Stress Relief Toy, Speech Therapy Materials, Calming Toys for Children with Autism, Calm Down Corner Supplies, Presents for Toddlers",23.99,4.4,10000,False
HABA Busy Board for Toddlers 2-4: Town Magnetic Maze Puzzle Game - Toddler Travel Toys for Preschoolers,19.99,4.6,10000,False
"LeapFrog Number Lovin' Oven, Pink",24.99,4.8,20000,False
"Meland Toy Doctor Kit for Girls - Pretend Play Doctor Set with Dog Toy, Carrying Bag, Stethoscope Toy & Dress Up Costume - Doctor Play Gift for Kids Toddlers Ages 3 4 5 6 Year Old for Role Play",27.97,4.5,20000,False
"Crayola Toddler Touch Lights, Musical Toy, Sensory Board, Sensory Toys for Toddlers, Mess Free Finger Painting, for Toddlers, 2+",19.97,4.4,30000,False
Fun Forts Glow Fort Building Kit for Kids - 81 Pack Glow in The Dark STEM Building Toys Indoor Outdoor Play Tent for Kids Construction Toys with 53 Rods and 28 Spheres,37.99,4.1,20000,False
"Creativity for Kids Plant-A-Pet: Kitty - Arts and Crafts for Kids Ages 6-8+, Gifts for Girls and Stocking Stuffers for Kids, Boy and Girl Toys, Chia Seed Plant Pet for Kids",4.99,4.3,7000,False
"SESAME STREET Learn with Elmo Pretend Play Phone, Learning and Education, Officially Licensed Kids Toys for Ages 2 Up by Just Play",7.69,4.5,10000,False
"JOYIN 34 PCS Kitchen Toy Set, Toy BBQ Grill Set, Cooking Toy Set, Little Chef Play, Kids Grill Playset Interactive BBQ Toy Set for Kids, Christmas Birthday Gift for Boys Girls Kids",44.99,4.4,20000,False
"Magnetic Blocks-Build Mine Magnet World Edition, Magnetic Toys for Boys & Girls Age 3-4 4-5 6-8,STEM Montessori Sensory Toys for Toddlers Gifts for 3+ Years Old,48PCS Fidget 1"" Cubes Construction Toys",39.99,4.3,30000,False
ThinkFun Gravity Maze Marble Run Brain Game and STEM Toy - Award-Winning Educational Toy for Kids 8+ | Spatial Reasoning Skill Development | Engineering and Building Game | 60 Logic Puzzles,24.69,4.6,100000,False
"Hot Wheels Monster Trucks, 1 Toy Truck in 1:64 Scale & 1 Crushable Car, Vehicle Play for Kids & Collectors (Styles May Vary)",3.89,4.6,10000,False
"Little Girls Purse, Toddler Girl Toys for 3 4 5 6 Year Old, Kids Purses with Accessories, Pretend Play Handbag and Princess Kit, Pink Toy Valentines for Girl Gifts 3-5 4-6",22.99,4.5,4000,False
Melissa & Doug Dinosaur Wooden Chunky Puzzle (7 pcs) - FSC Certified,8.99,4.9,10000,False
"Sassy Stacks of Circles Stacking Ring STEM Learning Toy, Age 6+ Months, Multi, 9 Piece Set",7.49,4.8,90000,False
"Melissa & Doug Flip Fish Soft Baby Toy Sensory Tummy Time Toys, Soft Fabric Tag Toy For Babies, Infants",17.49,4.8,40000,False
"Mega Godzilla x Kong The New Empire Building Set Action Figure Kong with 541 Pieces and Accessories, 12 Inches Long, for Adult Collectors",24.99,4.6,1000,False
"Educational Insights GeoSafari Jr. Talking Microscope Featuring Bindi Irwin: Microscope for Kids, STEM & Science Toy, Interactive Learning, Ages 3+",34.49,4.6,30000,False
"LeapFrog LeapPad Academy Kids’ Learning Tablet, Green",89.99,4.4,10000,False
Mr. Richards (A Billionaire's Angel),0.0,4.6,0,False
N/A,29.99,3.9,100000,False
N/A,59.99,4.4,20000,False
N/A,35.98,4.4,10000,False
N/A,29.99,4.5,20000,False
N/A,34.99,4.4,10000,False
N/A,9.7,4.7,0,False
N/A,22.87,4.1,10000,False
N/A,36.99,4.2,20000,False
N/A,11.96,4.6,20000,False
N/A,15.0,4.8,10000,False
N/A,34.99,4.6,9000,False
N/A,32.29,4.5,60000,False
N/A,9.88,4.8,30000,False
N/A,15.19,4.7,6000,False
N/A,17.99,4.6,0,False
N/A,34.99,4.5,40000,False
N/A,17.5,4.6,4000,False
N/A,34.97,4.7,10000,False
N/A,12.99,5.0,0,False
N/A,10.39,4.4,0,False
N/A,7.86,4.8,0,False
N/A,6.92,4.6,2000,False
N/A,14.97,4.7,2000,False
N/A,15.99,4.1,60000,False
N/A,34.99,4.3,7000,False
N/A,34.99,4.5,40000,False
N/A,49.99,4.5,5000,False
N/A,18.52,4.6,0,False
N/A,55.99,4.3,10000,False
N/A,12.67,4.4,0,False
N/A,119.99,4.0,700000000,False
N/A,9.99,4.6,0,False
N/A,59.95,4.6,10000,False
N/A,9.99,4.6,10000,False
N/A,71.99,4.2,3000,False
N/A,8.99,4.6,0,False
N/A,16.99,4.5,10000,False
N/A,17.5,4.5,8000,False
N/A,13.84,4.7,0,False
N/A,12.74,4.7,6000,False
N/A,79.95,4.1,200000000,False
N/A,14.99,4.6,200000000,False
N/A,26.88,4.6,30000,False
N/A,39.88,4.3,5000,False
N/A,28.0,4.4,1000,False
N/A,17.94,4.7,5000,False
N/A,11.99,4.5,2000,False
N/A,38.42,4.7,1000,False
N/A,27.99,4.8,0,False
N/A,59.99,4.8,0,False
"Ninja NC301 CREAMi Ice Cream Maker, for Gelato, Mix-ins, Milkshakes, Sorbet, Smoothie Bowls & More, 7 One-Touch Programs, with (2) Pint Containers & Lids, Compact Size, Perfect for Kids, Silver",179.99,4.5,30000,False
"Cuisinart Bread Maker Machine, Compact and Automatic, Customizable Settings, Up to 2lb Loaves, CBK-110P1, Silver,Black",99.95,4.4,20000,False
"Mixing Bowls with Airtight Lids Set, 26PCS Stainless Steel Khaki Bowls with Grater Attachments, Non-Slip Bottoms & Kitchen Gadgets Set, Size 7, 4, 2.5, 2.0,1.5, 1QT, Great for Mixing & Serving",45.99,4.7,10000,False
"Ninja CREAMi Deluxe 11-in-1 Ice Cream & Frozen Treat Maker for Ice Cream, Sorbet, Milkshakes, Frozen Yogurt, & More, 11 Programs, XL Capacity, Silver, Includes (2) Family-Sized 24 oz. Tubs",219.95,4.4,20000,False
"Silonn Ice Maker Countertop, Portable Ice Machine with Carry Handle, Self-Cleaning Ice Makers with Basket and Scoop, 9 Cubes in 6 Mins, 26 lbs per Day, Ideal for Home, Kitchen, Camping, RV",79.89,4.4,10000,False
"CUISINART Ice Cream Maker, Ice Cream and Frozen Yogurt Machine, 2-Qt. Double-Insulated Freezer Bowl, Silver, ICE30BCP1",99.94,4.6,20000,False
"Keurig K-Elite Single Serve K-Cup Pod Coffee Maker, with Strength and Temperature Control, Iced Coffee Capability, 8 to 12oz Brew Size, Programmable, Brushed Slate",110.0,4.6,10000,False
Breville Barista Touch BES880BSS Espresso Machine,799.95,4.4,6000,False
"KitchenAid Classic Series 4.5 Quart Tilt-Head Stand Mixer K45SS, Onyx Black",249.99,4.7,20000,False
"Magic Bullet Blender, Small, Silver, 11 Piece Set",39.88,4.4,60000,False
"nutribullet Personal Blender for Shakes, Smoothies, Food Prep, and Frozen Blending, 24 Ounces, 600 Watt, Gray, (NBR-0601)",64.99,4.6,30000,False
"Ninja BL610 Professional 72 Oz Countertop 1000-Watt Base and Total Crushing Technology for-Smoothies, Ice and Frozen Fruit, Black, Blender + Pitcher",79.99,4.7,20000,False
"Cuisinart Air Fryer + Convection Toaster Oven, 8-1 Oven with Bake, Grill, Broil & Warm Options, Stainless Steel, TOA-70",179.95,4.5,10000,False
"Hamilton Beach Dual Breakfast Sandwich Maker with Timer, Silver (25490A)",42.99,4.6,10000,False
"COSORI Food Dehydrator, Bigger Than 7 Trays With Large 6.5"" Drying Space, 600W Power Saves More Time Than 480W, 165°F Dehydrated Dryer for Jerky, Dog Treats, Herbs, Meat, Fruit, and Yogurt, Silver",135.99,4.7,10000,False
"Cuisinart WMR-CAP2 Round Classic Waffle Maker, Brushed Stainless,Silver",29.95,4.5,30000,False
"Hamilton Beach Electric Indoor Searing Grill with Viewing Window & Adjustable Temperature Control to 450F, 118 sq. in. Surface Serves 6, Removable Nonstick Grate, Stainless Steel",79.99,4.5,7000,False
"Gravity Electric Pepper and Salt Grinder Set, Adjustable Coarseness, Battery Powered with LED Light, One Hand Automatic Operation, Stainless Steel Copper, 2 Pack",27.99,4.2,4000,False
"BELLA Electric Can Opener and Knife Sharpener, Multifunctional Jar and Bottle Opener with Removable Cutting Lever and Cord Storage, Stainless Steel Blade, Sage",15.63,4.2,10000,False
"Fullstar Vegetable Chopper - Food Chopper - Onion Chopper - Vegetable Slicer & Spiralizer - Veggie Chopper with Container - Kitchen Gadgets - Home Essentials - Kitchen Accessories (4 in 1, White)",29.97,4.5,70000,False
"Cuisinart Food Processor 14-Cup Vegetable Chopper for Mincing, Dicing, Shredding, Puree & Kneading Dough, Stainless Steel, DFP-14BCNY",237.99,4.6,10000,False
"BELLA Two Tier Food Steamer with Dishwasher Safe Lids and Stackable Baskets & Removable Base for Fast Simultaneous Cooking - Auto Shutoff & Boil Dry Protection, Stainless Steel, 7.4 QT, Black",34.99,4.5,8000,False
"Ninja Pod & Grounds Specialty Single-Serve Coffee Maker, K-Cup Pod Compatible, Brews Grounds, Compact Design, Built-In Milk Frother, 56-oz. Reservoir, 6-oz. Cup to 24-oz. Mug Sizes, Black, PB051",79.95,4.4,10000,False
"Cuisinart Ice Cream Maker Machine, 1.5 Quart Sorbet, Frozen Yogurt Maker, Double Insulated, White, ICE-21P1",69.95,4.6,10000,False
"OVENTE Electric Sandwich Maker with Non-Stick Plates, Indicator Lights, Cool Touch Handle, Easy to Clean and Store, Perfect for Cooking Breakfast, Grilled Cheese, Tuna Melts and Snacks, Black GPS401B",15.99,4.3,10000,False
"Instant Pot Vortex Plus 4QT Air Fryer, Custom Program Options, 6-in-1 Functions Crisps, Broils, Roasts, Dehydrates, Bakes, Reheats, 100+ In-App Recipes, from the Makers of Instant Pot, Stainless Steel",109.99,4.6,30000,False
"Ninja Food Processor, Professional Plus, 1000 Peak Watts, 4 Functions for Chopping, Slicing, Purees & Dough with 9-Cup Processor Bowl, 3 Blades, Food Chute & Pusher, Silver, BN601",99.99,4.7,9000,False
"Keurig K-Mini Single Serve K-Cup Pod Coffee Maker, 6 to 12oz Brew size, with Cord Storage, Perfect for Small Spaces, Dusty Rose",59.99,4.4,10000,False
"EyeVac Home Touchless Vacuum Automatic Dustpan - Great for Sweeping Pet Hair Food Dirt Kitchen - Ultra Fast & Powerful, Corded Canister Vacuum, Bagless, Automatic Sensors, 1000 Watt (White)",149.0,4.6,4000,False
"TUYU Electric Spin Scrubber, 2024 New Full-Body IPX7 Waterproof Bathroom Scrubber with Power LCD Display, Adjustable Extension Handle, Cordless Electric Cleaning Brush for Bathroom, Kitchen Cleaning",39.99,4.4,20000,False
"bella Electric Griddle with Warming Tray - Smokeless Indoor Grill, Nonstick Surface, Adjustable Temperature & Cool-touch Handles, 10"" x 18"", Copper/Black",32.03,4.6,10000,False
"Mecity 2 Slice Toaster Touch Screen 1.5"" Wide Slot, Stainless Steel Smart Bread Toaster for Bagel Muffin Waffle Gluten Free Breads, Timer, Defrost, Reheat, 120V 825W",49.99,4.4,7000,False
"MAIPOR Vegetable/Pro Onion Chopper, Multifunctional 13 in 1 Food Chopper, Kitchen Vegetable Slicer Dicer Cutter With 8 Blades,Veggie, Carrot and Garlic Chopper With Container (Gray)",28.85,4.2,20000,False
"Brio Bottom Loading Water Cooler Dispenser for 5 Gallon Bottles - 3 Temperatures with Hot, Room & Cold Spouts, Child Safety Lock, LED Display with Empty Bottle Alert, Stainless Steel",139.0,4.2,20000,False
"DASH Hot Air Popcorn Popper Maker with Measuring Cup to Portion Popping Corn Kernels + Melt Butter, 16 Cups - Aqua",19.99,4.2,20000,False
"Cuisinart Fondue Pot, 3 Quart, For Chocolate, Cheese, Broth, Oil, Stainless Steel, CFO-3SSP1",79.95,4.7,9000,False
"Airtight Food Storage Containers with Lids, Vtopmart 24 pcs Plastic Kitchen and Pantry Organization Canisters for Cereal, Dry Food, Flour and Sugar, BPA Free, Includes 24 Labels，Black",35.99,4.7,20000,False
"2 Pieces Dryer Vent Cleaner Kit Compatible with All Vacuum Cleaner, Dryer Lint Brush and Vacuum Hose Attachment with Stretch Universal Connector, Quickly Lint Remover",8.59,4.5,10000,False
"DASH My Mug Ice Cream Maker Machine (Aqua): Multi-Purpose Soft Serve Ice Cream Machine with (2) Bowls for Homemade Gelato, Sorbet, Frozen Yogurt, Built-In Ingredient Chute, Easy to Clean and Store",37.28,4.0,20000,False
"Kitchen in the box Stand Mixer,3.2Qt Small Electric Food Mixer,6 Speeds Portable Lightweight Kitchen Mixer for Daily Use with Egg Whisk,Dough Hook,Flat Beater (Black)",79.99,4.3,7000,False
"Holstein Housewares - Non-Stick Omelet & Frittata Maker, Stainless Steel - Makes 2 Individual Portions Quick & Easy (2 Section, Black)",23.29,4.4,3000,False
"Ninja Griddle and Indoor Grill, 14’’, Electric Grill, For Steak, Burgers, Salmon, Veggies, and More, Pancake Griddle, Nonstick, Dishwasher Safe, 500F, Even Cooking, Silver, GR101",99.95,4.6,10000,False
"Ninja Espresso & Coffee Maker & Barista System, 3 Espresso Brew Styles, Single-Serve Coffee & Nespresso Capsule Compatible, Built-in Frother, Espresso, Cappuccino & Latte Maker, Black, CFN601",189.99,4.3,10000,False
"SodaStream Terra Sparkling Water Maker (Black) with CO2, Dishwasher Safe Bottle and Bubly Drop",106.79,4.5,10000,False
"Cuisinart 15-Piece Knife Set with Block, High Carbon Stainless Steel, Forged Triple Rivet, White, C77WTR-15P",64.59,4.6,10000,False
"DASH Mini Donut Maker Machine for Kid-Friendly Breakfast, Snacks, Desserts & More with Non-stick Surface, Makes 7 Doughnuts - Aqua",21.99,4.5,10000,False
"Magic Mill Food Dehydrator Machine | 5 Stackable Stainless Steel Trays Jerky Dryer with Digital Adjustable Timer & Temperature Control - Electric Food Preserver for Fruits, Veggies, Meats & Dog Treats",54.99,4.4,7000,False
"Presto 03430 Pizzazz Plus Rotating Oven, Black",59.99,4.7,5000,False
"OVENTE Electric Deep Fryer 2 Liter Capacity, 1500 Watt Lid with Viewing Window and Odor Filter, Adjustable Temperature, Removable Frying Basket and Easy to Clean Stainless Steel Body, Silver FDM2201BR",29.99,4.0,7000,False
"Cisily Sponge Holder for Kitchen Sink, Sink Caddy with High Brush Holder, Kitchen Sink Organizer Countertop Rustproof 304 Stainless Steel, Soap Dispenser Kitchen Organizers and Storage Essentials",19.99,4.6,20000,False
"Slushie Machine, No Ice Needed, 68 oz INOVIVA Slushy Machine for Home with Self-Cleaning Function, Professional Frozen Drink Maker, 5 Preset Programs, Frozen Margaritas, Frappés, Milkshake, and More",359.99,4.2,3000,False
"Hamilton Beach Wave Crusher Blender For Shakes and Smoothies With 40 Oz Glass Jar and 14 Functions, Ice Sabre Blades & 700 Watts for Consistently Smooth Results, Black + Stainless Steel (54221)",43.44,4.3,9000,False
"Auledio Iron 2-Tier Countertop Fruit Vegetables Basket Bowl Storage With Banana Hanger, Black, 64 ounces",22.99,4.6,2000,False
"Bread Slicer for Homemade Bread - Adjustable Width Bread Cutter for Cakes, Bagels, Loaves - Bamboo Bread Accessories Manual Cutting Guide and Crumb Tray - Kitchen Gadgets & Gifts (Knife Not Included)",39.99,4.8,1000,False
"Pizza Oven, 12-Inch Pizza Oven Indoor, 1200W Portable Pizza Maker, Electric Pizza Oven with Timer, Temperature Controller, Suitable for Home, Outdoor, Pizza Shop",119.99,4.7,1000,False
"Zojirushi BB-PDC20BA Home Bakery Virtuoso Plus Breadmaker, 2 lb. loaf of bread",399.95,4.7,3000,False
"PIEZANO Crispy Crust Pizza Oven by Granitestone – Electric Pizza Oven Indoor, 12 Inch Indoor Pizza Oven Countertop, Pizza Maker Heats up to 800˚F for Stone Baked Pizza at Home As Seen on TV Products",99.99,4.3,10000,False
"Elite Gourmet EDB-302BF# Countertop Double Cast Iron Burner, 1500 Watts Electric Hot Plate, Temperature Controls, Power Indicator Lights, Easy to Clean, Black",29.99,4.3,9000,False
Home Hero 54 Pcs Stainless Steel Kitchen Utensils Set - Nonstick Stainless Steel Cooking Utensils Set - Heat Resistant Kitchen Essentials & Metal Kitchen Gadgets (54 Pcs),69.99,4.3,3000,False
"Mueller Pro-Series All-in-One, 12 Blade Mandoline Slicer for Kitchen, Food Chopper, Vegetable Slicer and Spiralizer, Cutter, Dicer, Grater, Kitchen Gadgets Sets with Container, White Sand/Gray",31.83,4.5,20000,False
"49-Piece Stainless Steel Silverware Set with Cutlery Organizer, Service for 8 with Steak Knives and Kitchen Utensils",33.99,4.4,5000,False
"McCulloch MC1385 Deluxe Canister Steam Cleaner with 23 Accessories, Chemical-Free Pressurized Cleaning for Most Floors, Counters, Appliances, Windows, Autos, and More, 1-(Pack), Black",192.45,4.4,4000,False
"Cuisinart ICE-21RP1 1.5-Quart Frozen Yogurt, Ice Cream and Sorbet Maker, Double Insulated Freezer Bowl elminates the need for Ice and Makes Frozen Treats in 20 Minutes or Less, Red",64.95,4.6,1000,False
Kitchen Gizmo Snap N' Strain - Silicone Pasta Strainer Clip-On for Pots and Pans - Heat Resistant Colander for Vegetables and Noodles - Kitchen Gadgets for Cooking - Space-Saving Design - Grey,19.99,4.4,10000,False
"KBS Pro Stainless Steel Bread Machine, 2LB 17-in-1 Programmable XL Bread Maker with Fruit Nut Dispenser, Nonstick Ceramic Pan& Digital Touch Panel, 3 Loaf Sizes 3 Crust Colors, Reserve& Keep Warm Set",149.99,4.3,9000,False
"bella 4Qt Slim Air Fryer, Fits-anywhere Kitchenware, EverGood Ceramic Nonstick Coating, Adjustable Temperature, 6 Preset Cooking Options, 60 Min Auto Shutoff w Audible Tone, 3.3lb Capacity, Oatmilk",39.99,4.4,6000,False
"Amazon Basics Electric Coffee Grinder, Coffee Bean and Spice Grinder, With Heavy-Duty Stainless Steel Grind Blades",16.9,4.4,20000,False
"COSORI Coffee Mug Warmer & Mug Set for Desk, Cup Heater, Office & Christmas Gifts, 1°F Precise Temperature Control, Touch Tech & LCD Digital Display (77-194℉), 304 Stainless Steel, Silver/Black",33.99,4.5,10000,False
OVENTE Glass Electric Kettle Water Boiler 1.5 Liter Borosilicate Glass Fast Boiling Countertop Heater - BPA Free Auto Shut Off Instant Water Heater Kettle for Coffee & Tea Maker - Black KG83B,19.99,4.6,10000,False
"HENCKELS Premium Quality 15-Piece Knife Set with Block, Razor-Sharp, German Engineered Knife Informed by over 100 Years of Masterful Knife Making, Lightweight and Strong, Dishwasher Safe",129.95,4.6,30000,False
"Kusini Electric Fondue Pot Set - Chocolate Fondue Kit - Temperature Control, Detachable Serving Trays, & 4 Roasting Forks - Gift Set & Date Night Idea. Serve at Movie Night or Game Night.",29.99,4.3,20000,False
"Ninja Hot & Iced XL Coffee Maker with Rapid Cold Brew, 4 Brew Styles, 8 Sizes Small Cup to Travel Mug, Single-Serve Coffee Brewer, 12-Cup Carafe, Permanent Filter, Removable Reservoir, Black, CM371",119.99,4.6,10000,False
"Umite Chef Kitchen Cooking Utensils Set, 33 pcs Non-Stick Silicone Cooking Kitchen Utensils Spatula Set with Holder, Wooden Handle Silicone Kitchen Gadgets Utensil Set (Khaki)",25.99,4.5,20000,False
"HomeHacks 2-Pack Large Laundry Basket, Waterproof, Freestanding Laundry Hamper, Collapsible Tall Clothes Hamper with Extended Handles for Clothes Toys in the Dorm and Family-(Gradient Grey, 75L)",19.99,4.4,20000,False
"Nostalgia Indoor Electric Stainless Steel S'Mores Maker with 4 Lazy Susan Compartment Trays for Graham Crackers, Chocolate, Marshmallows and 4 Roasting Forks, Brown",34.99,4.4,5000,False
"Elite Gourmet EBM8103M Programmable Bread Maker Machine 3 Loaf Sizes, 19 Menu Functions Gluten Free White Wheat Rye French and more, 2 Lbs, Mint",57.27,4.5,8000,False
"Lefant Robot Vacuum Cleaner, Strong Suction, 120 Mins Runtime, Slim, Low Noise, Automatic Self-Charging, Wi-Fi/App/Alexa Control, Ideal for Pet Hair Hard Floor and Daily Cleaning, M210",88.88,4.1,7000,False
"Home Hero Kitchen Knife Set with Sheath Covers - High Carbon Stainless Steel Kitchen Knives with Ergonomic Handles & Ceramic Coating, Nonstick Ceramic Knife Set with Chef Knife (12 Pcs - Black)",19.99,4.7,500000000,False
"DASH Deluxe Everyday Electric Griddle with Dishwasher Safe Removable Nonstick Cooking Plate for Pancakes, Burgers, Eggs and more, Includes Drip Tray + Recipe Book, 20” x 10.5”, 1500-Watt - Black",39.99,4.7,6000,False
"Hamilton Beach Breakfast Sandwich Maker with Egg Cooker Ring, Customize Ingredients, Perfect for English Muffins, Croissants, Mini Waffles, Perfect White Elephant Gifts, Silver (25475)",29.99,4.4,10000,False
"Kitchen in the box Food Processors,Small Meat Grinder & Food Chopper Electric Vegetable Chopper with 2 Bowls (8 Cup+8 Cup)& 2 Bi-Level Blades for Meat/fish/Vegetable/Baby Food (Black,8cup+8cup)",39.95,4.5,10000,False
"Nostalgia 3-in-1 Breakfast Station - Includes Coffee Maker, Non-Stick Griddle, and 4-Slice Toaster Oven - Versatile Breakfast Maker with Timer - Aqua",79.99,4.3,1000,False
"T-fal 3.5L Deep Fryer with Oil Filtration System: 1700W Stainless Steel Fryer, Dishwasher Safe Parts, Digital Timer, Adjustable Temperature Control for Perfect Golden Crispy Results",109.66,4.5,10000,False
"Kitchen Utensil Set-Silicone Cooking Utensils-33 Kitchen Gadgets & Spoons for Nonstick Cookware-Silicone and Stainless Steel Spatula Set-Best Kitchen Tools, Useful Pots and Pans Accessories",39.99,4.6,10000,False
"Mueller Heart Waffle Maker, 5 Waffle Iron, Adjustable Browning Control & Nonstick, Cool Touch Handle, Mini Waffle Maker, Easy to Clean, Small Kitchen Appliances",29.97,4.3,3000,False
"Magic Mill Glass Storage Containers with lids Set | Ultimate 24pc Set with BPA-Free Airtight Locking Lids for Lunch, Food Storage, Meal Prep, Safe in Fridge, Freezer, Dishwasher Safe for Easy Clean",35.99,4.7,3000,False
"Panasonic HomeChef 4-in-1 Microwave Oven with Air Fryer, Convection Bake, FlashXpress Broiler, Inverter Microwave Technology, 1000W, 1.2 cu ft with Easy Clean Interior - NN-CD87KS (Stainless Steel)",499.99,4.2,1000,False
"Fullstar All-in-1 Vegetable Chopper, Mandoline Slicer & Cheese Grater - French Fry Cutter & Veggie Dicer - Cheese Slicer - Includes Bonus Handheld Spiralizer (6 in 1, Black/White)",36.99,4.6,10000,False
"Homvana Humidifiers for Bedroom Home, 3.6 L Cool Mist Top-Fill 34H Super Long Time, Quiet 16dB, Baby Humidifier, Oil Diffuser for Large Room, Plants, Nursery, Office BPA FREE, 7 Color Light Ultrasonic",29.98,4.3,30000,False
"Chefman Electric Griddle with Removable Temperature Control, Immersible Flat Top Grill, Burger, Eggs, Pancake Griddle, Nonstick Easy Clean Cooking Surface, Slide Out Drip Tray, 10 x 16 Inch",25.48,4.6,4000,False
"Yonanas Classic Original Healthy Dessert Fruit Soft Serve Maker, 200-Watt, Silver",44.8,4.3,4000,False
"Presto 05420 FryDaddy Electric Deep Fryer,Black",39.45,4.6,9000,False
"Pukomc Electric Indoor Grill,2 in 1 Indoor Grills for Kitchen with Grill Net & Non-Stick Cooking Removable Plate, Temperature Control, Dishwasher Safe, 1500W Smokeless Grill",50.99,4.3,3000,False
"Clorox Air Purifiers for Home, True HEPA Filter, Medium Rooms Up to 1,000 Sq Ft, Removes 99.9% of Mold, Viruses, Wildfire Smoke, Allergens, Pet Allergies, Dust, AUTO Mode, Whisper Quiet",62.99,4.5,9000,False
"DASH Rapid Egg Cooker: 6 Egg Capacity Electric Egg Cooker for Hard Boiled Eggs, Poached Eggs, Scrambled Eggs, or Omelets with Auto Shut Off Feature - Aqua, 5.5 Inch (DEC005AQ)",18.99,4.6,10000,False
Nostalgia Frozen Drink Maker and Margarita Machine for Home - 32-Ounce Slushy Maker with Stainless Steel Flow Spout - Easy to Clean and Double Insulated - Retro Red,59.99,3.6,3000,False
"Kitchen Utensils Set- 35 PCs Cooking Utensils with Grater,Tongs, Spoon Spatula &Turner Made of Heat Resistant Food Grade Silicone and Wooden Handles Kitchen Gadgets Tools Set for Nonstick Cookware",42.99,4.5,7000,False
"DASH Shaved Ice Maker and Slushie Machine (Aqua): Multi-Purpose Ice Shaver Machine for Homemade Shaved Ice, Snow Cones, Slushies, Cocktails & More with Stainless Steel Blades, Easy to Clean and Store",29.99,4.4,3000,False
"BELLA Immersion Hand Blender, Portable Mixer with Whisk Attachment - Electric Handheld Juicer, Shakes, Baby Food and Smoothie Maker, Stainless Steel, Pink",21.79,4.4,800000000,False
Nostalgia Vintage Hot-Air Popcorn Maker Machine - Makes Up to 12 Cups - Oil-Free - Healthier Popcorn - Classic Stand-Up Cart With Wheels - Includes Kernel Measuring Cup - White & Red,34.99,4.1,2000,False
"McCook® Knife Sets, German Stainless Steel Kitchen Knife Block Sets with Built-in Sharpener",90.98,4.6,30000,False
"KitchenAid All Purpose Kitchen Shears with Protective Sheath Durable Stainless Steel Scissors, Dishwasher Safe, Soft Grip Comfort Handle, 8.72 Inch, Black",8.99,4.8,70000,False
"DASH Deluxe Sous Vide Style Egg Bite Maker with Silicone Molds for Breakfast Sandwiches, Healthy Snacks or Desserts, Keto & Paleo Friendly, (1 large, 4 mini) - Aqua",23.99,4.3,1000,False
"Smart Heated Coffee Mug Warmer & Mug Set - Heated Mug Warmer with Auto Shut Off, 1°F Precise Temperature Control Mug Warmer, Electric Coffee Mug Warmer for Desk, Birthday Gifts for Women and Men",59.99,4.7,10000,False
"Philips 7000 Series Pasta Maker, ProExtrude Technology 150W, 8 discs, Perfect Mixing Technology, Preapre up to 8 Portions, HomeID App, White, (HR2660/03)",229.95,4.2,3000,False
Home-it Mop and Broom Holder Wall Mount Garden Tool Storage Tool Rack Storage & Organization for the Home Plastic Hanger for Closet Garage Organizer (5-position),13.99,4.5,3000,False
"Kitchen Trash Can with Lid, 13 Gallon Automatic Garbage Can for Bathroom Bedroom Home Office 50 Liter Touch Free High-Capacity Brushed Stainless Steel Waste Bin",22.99,4.3,10000,False
"Noodle Board Stove Cover with Handles for Electric, Gas Stove Top (Acacia Wood)",69.99,4.4,3000,False
"Dezin Hot Pot Electric Upgraded, Non-Stick Sauté Pan, Rapid Noodles Electric Pot, 1.5L Mini Portable Hot Pot for Steak, Egg, Fried Rice, Ramen, Oatmeal, Soup with Power Adjustment(Egg Rack Included)",29.99,4.6,1000,False
"BELLA 3 x 1.5 Quart Triple Electric Buffet Server, Food Warming Tray & Slow Cooker - Brushed Stainless Steel Heated Serving Station for Parties & Catering",32.4,4.3,1000,False
Nostalgia Electric Ice Cream Maker - Old Fashioned Soft Serve Ice Cream Machine Makes Frozen Yogurt or Gelato in Minutes - Fun Kitchen Appliance - Vintage Wooden Style - Light Wood - 4 Quart,39.99,4.6,5000,False
"EyeVac Pro Touchless Vacuum Automatic Dustpan - Ultra Fast & Powerful - Great for Sweeping Salon Pet Hair Food Dirt Kitchen, Corded Canister Vacuum, Bagless, Automatic Sensors, 1400 Watt (Black)",199.0,4.7,4000,False
"Betty Crocker Countertop Pizza Maker, 1440-Watt Pizza Maker Machine for Home, BC-2958CR",42.99,4.5,2000,False
"Nostalgia Retro Frother and Hot Chocolate Maker and Dispenser, 32 Oz, for Coffees, Lattes, Cappuccinos, Red",44.34,4.2,8000,False
"Ecolution Patented Micro-Pop Microwave Popcorn Popper with Temperature Safe Glass, 3-in-1 Lid Measures Kernels and Melts Butter, Made Without BPA, Dishwasher Safe, 3-Quart, Aqua",19.99,4.3,9000,False
"Mug Warmer - 36W Coffee Mug Warmer for Desk with Temperature Display, 2-12Hrs Auto Shut Off, Smart Candle Warmer - Ideal Coffee Gifts Accessories Keep Beverages Coffee Warmer (Wood) (Wood)",32.99,4.7,20000,False
"Umite Chef Silicone Kitchen Utensil Set, 34PCS Heat Resistant Kitchen Gadgets and Tools With Grater, Wood Handles for Nonstick Cookware",35.99,4.5,4000,False
"Mueller UltraToast Full Stainless Steel Toaster 2 Slice, Long Extra-Wide Slots with Removable Tray, Cancel/Defrost/Reheat Functions, 6 Browning Levels with LED Display, Housewarming Gifts New Home",30.85,4.3,2000,False
"Nuwave Bravo Air Fryer Toaster Smart Oven, 12-in-1 Countertop Convection, 30-QT XL Capacity, 50°-500°F Temperature Controls, Top and Bottom Heater Adjustments 0%-100%, Brushed Stainless Steel Look",120.0,4.4,9000,False
"Massage Gun Deep Tissue, Handheld Electric Muscle Massager, High Intensity Percussion Massage Device for Pain Relief with 9 Attachments & 30 Speed(Grey)",34.97,4.4,30000,False
"Hamilton Beach 3-in-1 Electric Indoor Grill + Griddle, 8-Serving, Reversible Nonstick Plates, 2 Cooking Zones with Adjustable Temperature (38546), Black",69.99,4.3,2000,False
"YIHONG 7 Piece Mixing Bowls with Lids for Kitchen, Stainless Steel Mixing Bowls Set Ideal for Baking, Prepping, Cooking and Serving Food, Nesting Metal Mixing Bowls for Space Saving Storage",29.99,4.7,5000,False
"BELLA XL Electric Ceramic Titanium Griddle, Make 15 Eggs At Once, Healthy-Eco Non-stick Coating, Hassle-Free Clean Up, Large Submersible Cooking Surface, 12"" x 22"", Copper/Black",49.3,4.4,20000,False
"GreenLife 3-in-1 Breakfast Maker Station, Healthy Ceramic Nonstick Dual Griddles for Eggs Meat Sausage Bacon Pancakes and Breakfast Sandwiches, 2 Slice Toast Drawer, Easy-to-use Timer, Turquoise",42.99,4.3,900000000,False
"DASH Mini Rice Cooker Steamer with Removable Nonstick Pot, Keep Warm Function & Recipe Guide, Half Quart, for Soups, Stews, Grains & Oatmeal - Pink",21.99,4.4,1000,False
"SIMPLI-MAGIC 60 Liter / 16 Gallon Rectangular Hands-Free Dual Compartment Recycling Kitchen Step Trash Can with Soft-Close Lid, Brushed Stainless Steel",124.99,4.2,1000,False
"CHEFMAN Multifunctional Digital Air Fryer+ Rotisserie, Dehydrator, Convection Oven, 17 Touch Screen Presets Fry, Roast, Dehydrate, Bake, XL 10L Family Size, Auto Shutoff, Large Easy-View Window, Black",79.99,4.3,20000,False
"AIRROBO Dog Grooming Vacuum, Dog Grooming Kit,12000Pa Strong Pet Grooming Vacuum for Dogs, 2L Large Capacity Dog Vacuum for Shedding Grooming Hair, Dog Hair Vacuum, 5 Pet Grooming Tools, Quiet,PG100",69.99,4.5,30000,False
"Farberware 15-Piece High-Carbon Stamped Stainless Steel Kitchen Knife Set with Wood Block, Steak Knives, Razor-Sharp, Black, Ultra-Sharp Blades, Ergonomic Comfort Grip",35.18,4.3,5000,False
"DASH SmartStore™ Stirring Popcorn Maker, 3QT Hot Oil Electric Popcorn Machine with Clear Bowl, 12 Cups - Aqua",34.99,4.4,3000,False
"Massage Gun Deep Tissue,Percussion Massager Gun for Athletes Muscle Massage Gun for Pain Relief with 10 Massage Heads & 20 Speeds (Matte Black)",29.99,4.5,40000,False
"Nostalgia 6-Cup Electric Fondue Pot Set for Cheese & Chocolate - 6 Color-Coded Forks, Temperature Control - Stainless Steel Kitchen Gadgets and Appliances for Hors d'Oeuvres and More - Stainless Steel",34.16,4.5,9000,False
"Stone Lain Coupe Dinnerware Set, Service For 4, Black Matte",51.49,4.7,4000,False
"Zulay Kitchen Powerful Milk Frother Wand - Ultra Fast Handheld Drink Mixer - Electric Whisk Foam Maker for Coffee, Lattes, Cappuccino, Frappe, Matcha & Coffee Creamer - Milk Boss Aurora Lights",23.99,4.4,1000,False
Nostalgia Popcorn Maker Machine - Professional Cart With 2.5 Oz Kettle Makes Up to 10 Cups - Vintage Popcorn Machine Movie Theater Style - Black,129.99,4.1,2000,False
"Frigidaire EFMIS129MINTCP4 EFMIS129-MINT Mint Mini Personal Fridge Cooler, 1 Gal Capacity fits Six Cans, Includes Plugs for Home Outlet & DC Charger-9.84"" D x 7.09"" W x 10.35"" H, standard",34.0,4.1,6000,False
"George Foreman® Fully Submersible™ Grill, NEW Dishwasher Safe, Wash the Entire Grill, Easy-to-Clean Nonstick, Black/Grey",49.99,4.4,9000,False
"Nespresso BNV250CRO1BUC1 Vertuo Coffee and Espresso Machine, Chrome",188.95,4.6,1000,False
"DASH My Pint Ice Cream Maker Machine (Aqua): Multi-Purpose Soft Serve Ice Cream Machine for Homemade Gelato, Sorbet, Frozen Yogurt, Includes Mixing Spoon, Easy to Clean and Store",21.99,3.7,5000,False
